Jun 24, 2025 00:00	169.237	169.237	167.908	168
Jun 23, 2025 00:00	168.13	169.712	168.034	169.231
Jun 22, 2025 00:00	167.997	168.422	167.965	168.138
Jun 20, 2025 00:00	167.182	168.331	167.144	168.292
Jun 19, 2025 00:00	166.52	167.325	166.028	167.189
Jun 18, 2025 00:00	166.732	167.048	166.316	166.636
Jun 17, 2025 00:00	167.163	167.612	166.675	166.921
Jun 16, 2025 00:00	166.792	167.455	166.337	167.16
Jun 15, 2025 00:00	165.95	166.872	165.905	166.794
Jun 13, 2025 00:00	166.122	166.592	164.931	166.138
Jun 12, 2025 00:00	165.951	166.733	165.491	166.108
Jun 11, 2025 00:00	165.652	166.417	165.381	165.951
Jun 10, 2025 00:00	165.18	165.809	164.619	165.66
Jun 09, 2025 00:00	165.033	165.216	164.547	165.176
Jun 08, 2025 00:00	165.113	165.113	164.885	165.038
Jun 06, 2025 00:00	164.422	165.284	164.34	165.074
Jun 05, 2025 00:00	163.006	164.66	162.946	164.417
Jun 04, 2025 00:00	163.714	164.239	162.873	163
Jun 03, 2025 00:00	163.125	163.869	162.789	163.723
Jun 02, 2025 00:00	163.245	163.414	162.832	163.115
Jun 01, 2025 00:00	163.181	163.433	163.137	163.244
May 30, 2025 00:00	163.542	163.839	162.801	163.449
May 29, 2025 00:00	163.639	164.257	163.344	163.539
May 28, 2025 00:00	163.399	163.993	163.069	163.634
May 27, 2025 00:00	162.42	163.943	162.084	163.398
May 26, 2025 00:00	162.451	162.976	162.371	162.433
May 25, 2025 00:00	161.878	162.63	161.837	162.457
May 23, 2025 00:00	162.298	162.749	161.081	161.903
May 22, 2025 00:00	162.828	162.872	161.795	162.296
May 21, 2025 00:00	162.898	163.393	162.577	162.83
May 20, 2025 00:00	162.842	163.282	162.411	162.904
May 19, 2025 00:00	162.499	163.38	162.14	162.838
May 18, 2025 00:00	162.272	162.651	162.232	162.501
May 16, 2025 00:00	162.918	163.106	162.455	162.715
May 15, 2025 00:00	163.957	164.063	162.742	162.921
May 14, 2025 00:00	165.013	165.163	163.726	163.955
May 13, 2025 00:00	164.491	165.209	164.126	165.013
May 12, 2025 00:00	163.744	164.919	163.681	164.499
May 11, 2025 00:00	163.683	163.992	163.554	163.748
May 09, 2025 00:00	163.858	163.918	163.148	163.55
May 08, 2025 00:00	162.606	163.934	162.527	163.855
May 07, 2025 00:00	162.261	163.014	162.003	162.601
May 06, 2025 00:00	162.56	162.95	161.59	162.262
May 05, 2025 00:00	163.763	163.854	162.418	162.559
May 04, 2025 00:00	163.475	163.893	163.475	163.768
May 02, 2025 00:00	164.269	164.63	163.452	163.879
May 01, 2025 00:00	161.938	164.454	161.802	164.268
Apr 30, 2025 00:00	161.947	162.648	161.7	161.941
Apr 29, 2025 00:00	162.069	162.541	161.72	161.964
Apr 28, 2025 00:00	163.165	163.362	162.195	162.206
Apr 27, 2025 00:00	163.161	163.359	162.953	163.197
Apr 25, 2025 00:00	162.473	163.754	162.119	163.401
Apr 24, 2025 00:00	162.228	162.611	161.837	162.471
Apr 23, 2025 00:00	161.969	162.458	161.164	162.227
Apr 22, 2025 00:00	162.198	162.442	160.981	161.947
Apr 21, 2025 00:00	162.097	162.664	161.64	162.195
Apr 20, 2025 00:00	161.877	162.174	161.427	162.109
Apr 18, 2025 00:00	161.847	162.162	161.683	161.969
Apr 17, 2025 00:00	161.689	162.626	161.241	161.839
Apr 16, 2025 00:00	161.597	162.278	161.381	161.688
Apr 15, 2025 00:00	162.356	162.803	161.289	161.608
Apr 14, 2025 00:00	162.972	163.168	162.077	162.357
Apr 13, 2025 00:00	162.803	163.278	162.502	162.983
Apr 11, 2025 00:00	161.828	163.13	161.306	162.747
Apr 10, 2025 00:00	161.414	162.565	160.867	161.827
Apr 09, 2025 00:00	160.101	162.205	159.471	161.423
Apr 08, 2025 00:00	161.298	162.192	159.883	160.106
Apr 07, 2025 00:00	159.733	162.373	159.163	161.307
Apr 06, 2025 00:00	158.465	159.82	158.199	159.731
Apr 04, 2025 00:00	161.534	162.002	159.02	160.752
Apr 03, 2025 00:00	161.246	163.053	160.627	161.536
Apr 02, 2025 00:00	161.639	164.167	160.113	161.252
Apr 01, 2025 00:00	162.203	162.296	160.766	161.641
Mar 31, 2025 00:00	161.937	162.481	161.035	162.197
Mar 30, 2025 00:00	162.039	162.145	161.488	161.93
Mar 28, 2025 00:00	162.93	163.171	162.068	162.326
Mar 27, 2025 00:00	161.614	163.359	161.54	162.932
Mar 26, 2025 00:00	161.763	162.607	161.369	161.62
Mar 25, 2025 00:00	162.891	163.026	161.617	161.767
Mar 24, 2025 00:00	161.462	162.935	161.454	162.875
Mar 21, 2025 00:00	161.341	162.127	160.731	161.446
Mar 20, 2025 00:00	161.991	162.04	160.732	161.302
Mar 19, 2025 00:00	163.482	163.876	161.993	161.999
Mar 18, 2025 00:00	163.117	164.181	162.986	163.478
Mar 17, 2025 00:00	161.669	163.144	161.55	163.119
Mar 16, 2025 00:00	161.842	161.926	161.569	161.675
Mar 14, 2025 00:00	160.569	162.328	160.494	161.701
Mar 13, 2025 00:00	161.431	161.509	160.052	160.579
Mar 12, 2025 00:00	161.579	162.354	161.202	161.411
Mar 11, 2025 00:00	159.421	161.784	158.972	161.58
Mar 10, 2025 00:00	160.273	160.346	158.901	159.417
Mar 09, 2025 00:00	160.182	160.373	159.968	160.276
Mar 07, 2025 00:00	159.807	160.738	159.266	160.4
Mar 06, 2025 00:00	160.559	161.277	159.12	159.807
Mar 05, 2025 00:00	159.159	160.77	158.729	160.702
Mar 04, 2025 00:00	156.569	159.516	155.59	159.156
Mar 03, 2025 00:00	156.699	158.467	155.921	156.555
Mar 02, 2025 00:00	156.695	156.695	156.695	156.695
Feb 28, 2025 00:00	155.737	157.16	154.792	156.224
Feb 27, 2025 00:00	156.2	157.215	155.506	155.983
Feb 26, 2025 00:00	156.805	157.122	156.025	156.139
Feb 25, 2025 00:00	156.587	157.305	156.079	156.799
Feb 24, 2025 00:00	156.481	157.254	156.081	156.819
Feb 23, 2025 00:00	156.258	156.534	156.068	156.472
Feb 21, 2025 00:00	157.013	158.218	155.811	156.193
Feb 20, 2025 00:00	157.59	157.645	156.314	156.968
Feb 19, 2025 00:00	158.727	159.127	157.49	157.59
Feb 18, 2025 00:00	158.667	159.194	158.363	158.726
Feb 17, 2025 00:00	159.43	159.595	158.527	158.781
Feb 16, 2025 00:00	159.571	159.824	159.397	159.432
Feb 14, 2025 00:00	160.064	160.255	159.423	159.804
Feb 13, 2025 00:00	160.255	161.182	159.014	160.044
Feb 12, 2025 00:00	158.317	160.961	158.265	160.276
Feb 11, 2025 00:00	156.595	158.339	156.255	158.31
Feb 10, 2025 00:00	155.618	157.417	155.533	156.35
Feb 09, 2025 00:00	155.618	156.603	155.533	156.58
Feb 07, 2025 00:00	157.143	158.015	155.863	156.378
Feb 06, 2025 00:00	158.662	158.856	156.978	156.996
Feb 05, 2025 00:00	160.104	160.306	158.499	158.733
Feb 04, 2025 00:00	159.936	160.7	159.181	159.855
Feb 03, 2025 00:00	159.198	160.475	157.964	160.355
Feb 02, 2025 00:00	158.532	159.419	158.424	159.187
Jan 31, 2025 00:00	160.171	161.503	159.9	160.743
Jan 30, 2025 00:00	161.765	161.777	160.102	160.195
Jan 29, 2025 00:00	162.207	162.482	161.302	161.762
Jan 28, 2025 00:00	161.673	162.7	161.632	162.209
Jan 27, 2025 00:00	163.106	163.453	161.535	161.668
Jan 26, 2025 00:00	163.106	163.338	162.918	162.995
Jan 24, 2025 00:00	162.623	164.079	161.912	163.635
Jan 23, 2025 00:00	162.845	163.125	162.188	162.623
Jan 22, 2025 00:00	162.085	163.212	161.863	162.813
Jan 21, 2025 00:00	161.814	162.222	160.949	162.059
Jan 20, 2025 00:00	160.476	162.309	160.312	161.809
Jan 19, 2025 00:00	160.6102698256005	160.797	160.522	160.688
Jan 17, 2025 00:00	160.045	161.007	159.719	160.53
Jan 16, 2025 00:00	160.856	161.081	159.736	159.793
Jan 15, 2025 00:00	162.888	162.888	160.78	160.825
Jan 14, 2025 00:00	161.453	162.885	161.14	162.883
Jan 13, 2025 00:00	161.731	161.782	160.034	161.457
Jan 12, 2025 00:00	161.423	161.769	161.42	161.744
Jan 10, 2025 00:00	162.733	163.183	161.206	161.595
Jan 09, 2025 00:00	163.153	163.262	162.367	162.732
Jan 08, 2025 00:00	163.617	163.804	162.838	163.153
Jan 07, 2025 00:00	163.779	164.548	163.204	163.622
Jan 06, 2025 00:00	162.308	164.015	162.288	163.793
Jan 05, 2025 00:00	161.895	162.333	161.845	162.308
Jan 03, 2025 00:00	161.57	162.157	161.383	162.122
Jan 02, 2025 00:00	163.249	163.29	160.896	161.565
Jan 01, 2025 00:00	162.686	163.309	162.632	163.252
Dec 31, 2024 00:00	163.397	163.429	162.447	162.901
Dec 30, 2024 00:00	164.716	164.895	162.807	163.399
Dec 29, 2024 00:00	164.413	164.722	164.41	164.711
Dec 27, 2024 00:00	164.459	164.797	164.001	164.659
Dec 26, 2024 00:00	163.394	164.748	163.314	164.456
Dec 25, 2024 00:00	163.4521888501379	163.6808410971738	161.518855656697	163.392
Dec 24, 2024 00:00	163.341	163.615	163.003	163.386
Dec 23, 2024 00:00	163.344	163.612	162.84	163.44
Dec 22, 2024 00:00	162.751	163.422	162.751	163.322
Dec 20, 2024 00:00	163.39	163.659	162.336	163.068
Dec 19, 2024 00:00	160.089	163.798	160.083	163.385
Dec 18, 2024 00:00	161.16	161.553	159.802	160.085
Dec 17, 2024 00:00	162.051	162.472	160.769	161.157
Dec 16, 2024 00:00	161.267	162.202	161.16	162.056
Dec 15, 2024 00:00	161.062	161.363	161.024	161.272
Dec 13, 2024 00:00	159.823	161.55	159.712	161.287
Dec 12, 2024 00:00	159.52	160.224	159.296	159.816
Dec 11, 2024 00:00	160.073	160.153	159.818	159.948
Dec 10, 2024 00:00	159.785	160.062	159.368	159.897
Dec 09, 2024 00:00	158.364	159.994	157.857	159.774
Dec 08, 2024 00:00	158.288	158.544	158.22	158.37
Dec 06, 2024 00:00	158.8	159.574	158.088	158.577
Dec 05, 2024 00:00	158.257	159.386	157.555	158.92
Dec 04, 2024 00:00	157.243	158.654	156.978	158.251
Dec 03, 2024 00:00	157.883	157.977	156.174	157.241
Dec 02, 2024 00:00	158.018	158.635	156.374	156.998
Dec 01, 2024 00:00	158.111	158.225	157.923	158.008
Nov 28, 2024 00:00	159.841	160.334	159.422	159.651
Nov 27, 2024 00:00	160.442	160.577	159.089	159.841
Nov 26, 2024 00:00	160.427	160.706	160.297	160.446
Nov 25, 2024 00:00	161.651	162.109	161.22	161.227
Nov 24, 2024 00:00	161.557	161.927	161.392	161.536
Nov 21, 2024 00:00	163.746	163.776	161.37	161.386
Nov 20, 2024 00:00	164.119	164.754	163.151	163.75
Nov 19, 2024 00:00	163.804	164.148	161.487	164.114
Nov 18, 2024 00:00	162.932	163.975	162.258	163.807
Nov 17, 2024 00:00	162.463	163.029	162.43	162.934
Nov 14, 2024 00:00	164.206	164.979	163.799	164.772
Nov 13, 2024 00:00	164.19	164.793	163.631	164.21
Nov 12, 2024 00:00	163.698	164.325	163.239	164.187
Nov 11, 2024 00:00	164.023	164.023	163.572	163.7
Nov 10, 2024 00:00	163.5455212411038	163.867	163.508606561767	163.811
Nov 08, 2024 00:00	165.349	165.3832037996546	163.18	163.59
Nov 07, 2024 00:00	165.688	165.904	164.951	165.36
Nov 06, 2024 00:00	165.667	166.103	164.909	165.597
Nov 05, 2024 00:00	165.713	166.05	165.41	165.592
Nov 04, 2024 00:00	165.351	165.861	165.2	165.556
Nov 03, 2024 00:00	165.673	165.8784169726642	165.517	165.5818808511564
Nov 01, 2024 00:00	165.409	166.111	165.33	165.72
Oct 31, 2024 00:00	166.303	166.691	164.91	165.353
Oct 30, 2024 00:00	165.806	166.6022159461221	165.48	166.394
Oct 29, 2024 00:00	165.557	166.08	165.13	165.855
Oct 28, 2024 00:00	165.072	166.074	164.88	165.684
Oct 27, 2024 00:00	165.119	165.378	164.684	165.126
Oct 25, 2024 00:00	164.295	164.787	163.92	164.371
Oct 24, 2024 00:00	164.572	164.746	163.791	164.289
Oct 23, 2024 00:00	163.198	165.018	163.17	164.697
Oct 22, 2024 00:00	162.924	163.67	162.76	163.175
Oct 21, 2024 00:00	162.607	163.156	161.999	162.899
Oct 20, 2024 00:00	162.365	162.626	162.285	162.591
Oct 18, 2024 00:00	162.545	162.861	162.174	162.4925287168954
Oct 17, 2024 00:00	162.37	162.761	161.844	162.545
Oct 16, 2024 00:00	162.277	162.885	162.106	162.41
Oct 15, 2024 00:00	163.339	163.351	162.239	162.255
Oct 14, 2024 00:00	162.975	163.6	162.865	163.327
Oct 13, 2024 00:00	163.183	163.245	163.049	163.088
Oct 11, 2024 00:00	162.613	163.408	162.28	163.16
Oct 10, 2024 00:00	163.212	163.608	162.177	162.595
Oct 09, 2024 00:00	162.53	163.464	162.387	163.212
Oct 08, 2024 00:00	162.557	162.835	161.898	162.603
Oct 07, 2024 00:00	163.171	163.218	162.013	162.582
Oct 06, 2024 00:00	163.0813268042311	163.558	163.0804325415104	163.229
Oct 04, 2024 00:00	162.035	163.3723036390582	160.99	163.23
Oct 03, 2024 00:00	161.898	162.492	161.368	162.045
Oct 02, 2024 00:00	159.027	162.251	158.702	161.905
Oct 01, 2024 00:00	160.047	160.905	158.365	159.034
Sep 30, 2024 00:00	159.488	160.125	158.102	160.05
Sep 29, 2024 00:00	158.703	159.651	158.659	159.483
Sep 27, 2024 00:00	162.118	163.49	158.55	158.66
Sep 26, 2024 00:00	161.064	162.2004917299955	160.72	162.133
Sep 25, 2024 00:00	159.965	161.67	159.92	161.053
Sep 24, 2024 00:00	159.589	161.104	159.231	159.972
Sep 23, 2024 00:00	160.783	161.19	159.045	159.59
Sep 22, 2024 00:00	160.438	160.802	160.373	160.763
Sep 20, 2024 00:00	159.414	161.155	158.4	160.65
Sep 19, 2024 00:00	158.592	159.965	158.32	159.428
Sep 18, 2024 00:00	157.939	158.625	157.03	158.559
Sep 17, 2024 00:00	156.687	158.326	156.03	157.944
Sep 16, 2024 00:00	156.165	157.097	155.158	156.698
Sep 15, 2024 00:00	155.984	156.193	155.665	156.163
Sep 13, 2024 00:00	156.776	156.853	155.532	155.98
Sep 12, 2024 00:00	157.05	157.51	156.5	156.767
Sep 11, 2024 00:00	156.732	157.098	155.44	157.045
Sep 10, 2024 00:00	157.998	158.633	156.73	156.748
Sep 09, 2024 00:00	157.968	158.731	157.395	158.018
Sep 08, 2024 00:00	157.625	158.02	157.392	157.974
Sep 06, 2024 00:00	159.278	159.653	157.449	157.737
Sep 05, 2024 00:00	158.783	159.791	158.52	159.319
Sep 04, 2024 00:00	160.584	160.888	158.669	158.784
Sep 03, 2024 00:00	162.404	162.793	160.29	160.584
Sep 02, 2024 00:00	161.698	162.889	161.023	162.409
Aug 30, 2024 00:00	160.538	161.627	160.17	161.49
Aug 29, 2024 00:00	160.662	161.265	160.02	160.537
Aug 28, 2024 00:00	160.899	161.37	160.406	160.661
Aug 27, 2024 00:00	161.327	162.175	160.68	160.899
Aug 26, 2024 00:00	161.048	161.49	160.47	161.321
Aug 23, 2024 00:00	162.515	162.71	161.17	161.51
Aug 22, 2024 00:00	161.88	162.918	161.45	162.524
Aug 21, 2024 00:00	161.71	163.035	161.344	161.864
Aug 20, 2024 00:00	162.614	163.19	161.288	161.706
Aug 19, 2024 00:00	163.119	163.203	160.4	162.614
Aug 16, 2024 00:00	163.732	163.774	162.28	162.82
Aug 15, 2024 00:00	162.161	163.892	161.92	163.725
Aug 14, 2024 00:00	161.572	162.582	160.577	162.155
Aug 13, 2024 00:00	160.781	161.796	160.678	161.57
Aug 12, 2024 00:00	160.463	161.956	160.188	160.76
Aug 09, 2024 00:00	161.196	161.27	159.79	160.03
Aug 08, 2024 00:00	159.878	161.37	158.94	161.204
Aug 07, 2024 00:00	158.133	161.438	157.925	159.839
Aug 06, 2024 00:00	159.65	160.224	157.28	158.14
Aug 05, 2024 00:00	158.516	159.677	154.39	159.65
Aug 02, 2024 00:00	160.94	161.588	159.693	159.88
Aug 01, 2024 00:00	162.103	162.885	160.637	160.915
Jul 31, 2024 00:00	165.088	166.536	161.995	162.104
Jul 30, 2024 00:00	166.41	167.943	164.818	165.094
Jul 29, 2024 00:00	167.296	167.509	166.22	166.433
Jul 26, 2024 00:00	166.767	168.01	166.333	166.89
Jul 25, 2024 00:00	166.806	167.587	164.81	166.784
Jul 24, 2024 00:00	168.999	169.201	166.12	166.808
Jul 23, 2024 00:00	170.85	170.877	168.729	168.988
Jul 22, 2024 00:00	171.572	171.658	170.05	170.849
Jul 19, 2024 00:00	171.298	171.872	170.876	171.39
Jul 18, 2024 00:00	170.292	171.613219895288	170.076	171.32
Jul 17, 2024 00:00	172.71	172.7533544234755	169.949	170.294
Jul 16, 2024 00:00	172.35	172.9227250449273	172.157	172.604
Jul 15, 2024 00:00	172.302	172.556	171.55	172.346
Jul 12, 2024 00:00	172.093	173.43	171.42	172.15
Jul 11, 2024 00:00	175.06	175.424	171.497	172.094
Jul 10, 2024 00:00	174.464	175.17	174.43	175.061
Jul 09, 2024 00:00	174.213	174.588	173.99	174.44
Jul 08, 2024 00:00	173.903	174.631	173.5	174.214
Jul 05, 2024 00:00	174.443	174.5038415755871	173.69	174.24
Jul 04, 2024 00:00	174.366	174.466	173.77	174.429
Jul 03, 2024 00:00	173.568	174.516	173.237	174.355
Jul 02, 2024 00:00	173.399	173.599	173.06	173.562
Jul 01, 2024 00:00	172.748	173.671	172.66	173.402
Jun 28, 2024 00:00	172.072	172.442	171.44	172.37
Jun 27, 2024 00:00	171.546	172.162	171.36	172.07
Jun 26, 2024 00:00	171.003	171.8	170.83	171.545
Jun 25, 2024 00:00	171.388	171.395	170.69	171.025
Jun 24, 2024 00:00	170.895	171.445	170.263	171.387
Jun 21, 2024 00:00	170.15	170.899	169.274	170.768
Jun 20, 2024 00:00	169.75	170.318	169.46	170.152
Jun 19, 2024 00:00	169.521	169.889	169.1	169.751
Jun 18, 2024 00:00	169.361	169.91	168.94	169.522
Jun 17, 2024 00:00	168.623	169.3925559911918	167.94	169.359
Jun 14, 2024 00:00	168.703	169.799	167.51	168.43
Jun 13, 2024 00:00	169.541	170.134	168.25	168.706
Jun 12, 2024 00:00	168.728	169.72	168.64	169.542
Jun 11, 2024 00:00	169.015	169.423	168.27	168.732
Jun 10, 2024 00:00	169.032	169.216	168.28	169.016
Jun 07, 2024 00:00	169.551	169.971	168.92	169.33
Jun 06, 2024 00:00	169.536	170.291	169.21	169.556
Jun 05, 2024 00:00	168.787	170.014	168.76	169.537
Jun 04, 2024 00:00	170.244	170.73	168.022	168.787
Jun 03, 2024 00:00	170.57	170.8949796472185	169.69	170.245
May 31, 2024 00:00	170.03	170.743	169.42	170.58
May 30, 2024 00:00	170.229	170.251	169.04	170.031
May 29, 2024 00:00	170.661	170.796	170.027	170.254
May 28, 2024 00:00	170.345	170.795	170.28	170.662
May 27, 2024 00:00	170.149	170.5	169.919	170.328
May 24, 2024 00:00	169.722	170.499	169.6	170.23
May 23, 2024 00:00	169.661	170.321	169.229	169.724
May 22, 2024 00:00	169.6	169.925	169.36	169.66
May 21, 2024 00:00	169.854	169.938	169.2	169.602
May 20, 2024 00:00	169.355	169.8577169544912	169.04	169.848
May 17, 2024 00:00	168.871	169.322	168.75	169.14
May 16, 2024 00:00	167.994	168.92	167.318	168.876
May 15, 2024 00:00	169.255	169.4	167.837	167.991
May 14, 2024 00:00	168.592	169.356	168.52	169.248
May 13, 2024 00:00	167.826	168.6748288160926	167.49	168.591
May 10, 2024 00:00	167.532	167.963	167.5	167.75
May 09, 2024 00:00	166.984	167.748	166.714	167.534
May 08, 2024 00:00	166.372	167.344	166.28	166.966
May 07, 2024 00:00	166.011	166.568	165.62	166.35
May 06, 2024 00:00	165.303	165.991	165.089	165.701
May 03, 2024 00:00	164.304	164.79	163.99	164.7
May 02, 2024 00:00	167.315	167.346	164.029	164.301
May 01, 2024 00:00	168.249	168.654	164.022	166.398
Apr 30, 2024 00:00	167.382	168.6480810851351	167.208	168.287
Apr 29, 2024 00:00	169.381	171.576	165.629	167.404
Apr 26, 2024 00:00	166.914	169.4547011291272	166.453	169.1443249317708
Apr 25, 2024 00:00	166.132	167.086	165.926	166.916
Apr 24, 2024 00:00	165.613	166.32	165.375	166.139
Apr 23, 2024 00:00	164.927	165.7516059957174	164.6	165.613
Apr 22, 2024 00:00	164.794	165.101	164.32	164.926
Apr 19, 2024 00:00	164.542	165.026	163.009	164.9028228644556
Apr 18, 2024 00:00	164.649	164.958	164.28	164.543
Apr 17, 2024 00:00	164.296	164.806	163.91	164.655
Apr 16, 2024 00:00	163.851	164.676	163.66	164.295
Apr 15, 2024 00:00	163.204	164.436	163.15	163.837
Apr 12, 2024 00:00	164.313	164.3958165728077	162.26	163.52
Apr 11, 2024 00:00	164.273	164.698	163.927	164.312
Apr 10, 2024 00:00	164.808	164.99	162.855	164.279
Apr 09, 2024 00:00	164.918	165.173	164.52	164.802
Apr 08, 2024 00:00	164.264	164.9549158066269	164.17	164.92
Apr 05, 2024 00:00	163.945	164.4678311815124	163.47	164.37
Apr 04, 2024 00:00	164.279	164.912	163.77	163.945
Apr 03, 2024 00:00	163.172	164.3936273978542	163.05	164.28
Apr 02, 2024 00:00	162.769	163.331	162.59	163.173
Apr 01, 2024 00:00	163.39	163.424	162.73	162.77
Mar 29, 2024 00:00	163.39	163.6019674612183	162.089	163.47
Mar 28, 2024 00:00	163.528	163.9162654838535	162.33	163.391
Mar 27, 2024 00:00	164.02	164.4868817763055	163.41	163.529
Mar 26, 2024 00:00	164.038	164.407	163.895	164.02
Mar 25, 2024 00:00	163.521	164.21	163.278	164.039
Mar 22, 2024 00:00	164.695	164.814	163.46	164.46
Mar 21, 2024 00:00	164.86	165.34	164.325	164.698
Mar 20, 2024 00:00	164.031	165.349	164.002	164.861
Mar 19, 2024 00:00	162.173	164.114	162.046	164.027
Mar 18, 2024 00:00	162.106	162.68	161.939	162.182
Mar 15, 2024 00:00	161.39	162.433654841698	161.05	162.31
Mar 14, 2024 00:00	161.643	161.911	161.094	161.37
Mar 13, 2024 00:00	161.291	161.951	160.883	161.644
Mar 12, 2024 00:00	160.38	161.602	160.26	161.292
Mar 11, 2024 00:00	160.63	160.904	159.821	160.387
Mar 08, 2024 00:00	161.918	162.167	160.59	160.85
Mar 07, 2024 00:00	162.681	162.682	160.54	161.918
Mar 06, 2024 00:00	162.872	162.9573967590173	162.19	162.686
Mar 05, 2024 00:00	163.3	163.3718595691573	162.58	162.877
Mar 04, 2024 00:00	162.759	163.5283890247216	162.51	163.295
Mar 01, 2024 00:00	162.152	163.01	162.14	162.67
Feb 29, 2024 00:00	163.282	163.288	161.66	162.155
Feb 28, 2024 00:00	163.172	163.408	162.73	163.278
Feb 27, 2024 00:00	163.373	163.51	162.847	163.16
Feb 26, 2024 00:00	162.82	163.715	162.54	163.355
Feb 23, 2024 00:00	162.891	163.2082317898727	162.65	162.87
Feb 22, 2024 00:00	162.676	163.464	162.62	162.888
Feb 21, 2024 00:00	162.116	162.73	161.9	162.68
Feb 20, 2024 00:00	161.907	162.363	161.687	162.124
Feb 19, 2024 00:00	161.902	161.9550573907421	161.45	161.908
Feb 16, 2024 00:00	161.533	161.9721652821232	161.497	161.813
Feb 15, 2024 00:00	161.572	161.645	160.89	161.545
Feb 14, 2024 00:00	161.39	161.6137339055794	160.907	161.579
Feb 13, 2024 00:00	160.93	161.631	160.76	161.397
Feb 12, 2024 00:00	161.081	161.0967184801382	160.35	160.9337046033533
Feb 09, 2024 00:00	160.872	161.259	160.74	160.97
Feb 08, 2024 00:00	159.571	160.9905685798976	159.45	160.868
Feb 07, 2024 00:00	159.004	159.731	158.99	159.575
Feb 06, 2024 00:00	159.66	159.87	158.778	158.99
Feb 05, 2024 00:00	160.062	160.267	159.36	159.677
Feb 02, 2024 00:00	159.261	160.263	159.02	159.979
Feb 01, 2024 00:00	158.796	159.3257205002719	158.3	159.25
Jan 31, 2024 00:00	159.742	160.27	158.53	158.796
Jan 30, 2024 00:00	159.76	160.337	159.19	159.74
Jan 29, 2024 00:00	160.655	160.833	159.39	159.766
Jan 26, 2024 00:00	160.209	160.925	159.8	160.735
Jan 25, 2024 00:00	160.591	160.971	159.67	160.208
Jan 24, 2024 00:00	160.934	160.96	159.95	160.59
Jan 23, 2024 00:00	161.136	161.71	160.395	160.954
Jan 22, 2024 00:00	161.328	161.5191668029882	160.72	161.139
Jan 19, 2024 00:00	161.152	161.863	160.79	161.39
Jan 18, 2024 00:00	161.255	161.3856209150327	160.497	161.152
Jan 17, 2024 00:00	160.164	161.291	159.99	161.256
Jan 16, 2024 00:00	159.563	160.213	159.22	160.176
Jan 15, 2024 00:00	158.863	159.831	158.8	159.564
Jan 12, 2024 00:00	159.348	159.5701828040194	158.52	158.61
Jan 11, 2024 00:00	159.918	160.178	159.06	159.35
Jan 10, 2024 00:00	157.886	159.999	157.86	159.916
Jan 09, 2024 00:00	157.914	157.996	157.18	157.884
Jan 08, 2024 00:00	158.343	158.478	157.66	157.919
Jan 05, 2024 00:00	158.476	158.992	158.02	158.23
Jan 04, 2024 00:00	156.233	158.587	156.05	158.468
Jan 03, 2024 00:00	155.557	156.786	155.18	156.23
Jan 02, 2024 00:00	155.744	156.333	155.007	155.557
Jan 01, 2024 00:00	155.9	156.658	152.793	155.737
Dec 29, 2023 00:00	156.55	156.9390129064422	155.556	155.574
Dec 28, 2023 00:00	157.104	157.46	155.81	156.541
Dec 27, 2023 00:00	157.322	158.389	157.03	157.111
Dec 26, 2023 00:00	156.729	157.368	156.56	157.32
Dec 25, 2023 00:00	156.751	159.03	139.93	156.723
Dec 22, 2023 00:00	156.307	157.031	156.111	157.0247022496691
Dec 21, 2023 00:00	157.062	157.1423879126294	154.972	156.355
Dec 20, 2023 00:00	158.01	158.119	156.709	157.021
Dec 19, 2023 00:00	155.851	158.567	155.36	158.007
Dec 18, 2023 00:00	155.04	156.305	154.85	155.862
Dec 15, 2023 00:00	156.408	156.484	154.39	154.96
Dec 14, 2023 00:00	155.387	156.47	153.844	156.41
Dec 13, 2023 00:00	156.892	157.479	154.57	155.383
Dec 12, 2023 00:00	157.222	157.291	156.48	156.89
Dec 11, 2023 00:00	156.076	157.678	156.002	157.223
Dec 08, 2023 00:00	155.628	156.0917312661499	153.848	156.0823187156557
Dec 07, 2023 00:00	158.45	158.4800991005548	153.147	155.629
Dec 06, 2023 00:00	158.856	159.116	158.36	158.451
Dec 05, 2023 00:00	159.633	159.716	158.53	158.855
Dec 04, 2023 00:00	159.321	159.84	158.69	159.63
Dec 01, 2023 00:00	161.196	161.774	159.597	159.88
Nov 30, 2023 00:00	161.365	161.941	160.57	161.195
Nov 29, 2023 00:00	161.825	162.2507646603371	161.055	161.369
Nov 28, 2023 00:00	162.642	162.924	161.72	161.824
Nov 27, 2023 00:00	163.624	163.643	162.51	162.643
Nov 24, 2023 00:00	163.149	163.75	162.7	163.62
Nov 23, 2023 00:00	162.73	163.193	162.42	163.163
Nov 22, 2023 00:00	161.719	162.938	161.658	162.72
Nov 21, 2023 00:00	162.398	162.422	161.22	161.734
Nov 20, 2023 00:00	163.528	163.555	161.75	162.4
Nov 17, 2023 00:00	163.556	163.6116989527375	162.12	163.2780082987552
Nov 16, 2023 00:00	164.128	164.301	163.19	163.557
Nov 15, 2023 00:00	163.689	164.23	163.04	164.119
Nov 14, 2023 00:00	162.258	163.815	162.2	163.691
Nov 13, 2023 00:00	161.912	162.364	161.52	162.27
Nov 10, 2023 00:00	161.432	162.3486553091182	161.33	161.97
Nov 09, 2023 00:00	161.576	161.795	161.33	161.45
Nov 08, 2023 00:00	160.852	161.73	160.66	161.575
Nov 07, 2023 00:00	160.749	161.0300805787114	160.41	160.853
Nov 06, 2023 00:00	160.378	160.9932813759742	160.329	160.755
Nov 03, 2023 00:00	159.753	160.4	159.574	160.3
Nov 02, 2023 00:00	159.41	160.08	159.06	159.749
Nov 01, 2023 00:00	160.06	160.127	159.043	159.413
Oct 31, 2023 00:00	158.248	160.84	158.209	160.075
Oct 30, 2023 00:00	158.141	158.921	157.55	158.245
Oct 27, 2023 00:00	158.836	158.852	157.86	158.271513244858
Oct 26, 2023 00:00	158.59	158.902	157.994	158.84
Oct 25, 2023 00:00	158.765	158.937	158.314	158.589
Oct 24, 2023 00:00	159.803	159.9351785926982	158.43	158.764
Oct 23, 2023 00:00	158.712	159.8143306834552	158.48	159.78
Oct 20, 2023 00:00	158.573	159.05	157.63	158.83
Oct 19, 2023 00:00	157.813	158.915	157.66	158.584
Oct 18, 2023 00:00	158.333	158.5434144017784	157.54	157.814
Oct 17, 2023 00:00	157.864	158.626	157.106	158.333
Oct 16, 2023 00:00	157.362	158.025030363838	157.17	157.865
Oct 13, 2023 00:00	157.804	158.045	157.03	157.2
Oct 12, 2023 00:00	158.324	158.606	157.456	157.8
Oct 11, 2023 00:00	157.598	158.466	157.5	158.318
Oct 10, 2023 00:00	156.908	157.976	156.749	157.608
Oct 09, 2023 00:00	157.583	157.6975329199507	156.5	156.903
Oct 06, 2023 00:00	156.573	158.261	156.5	158.2144939829296
Oct 05, 2023 00:00	156.528	156.787	156.08	156.576
Oct 04, 2023 00:00	156.164	156.769	155.81	156.528
Oct 03, 2023 00:00	157.047	157.2134501390128	154.405	156.162
Oct 02, 2023 00:00	157.958	158.474	156.862	157.044
Sep 29, 2023 00:00	157.722	158.335	157.383	158.06
Sep 28, 2023 00:00	157.048	157.868	156.69	157.717
Sep 27, 2023 00:00	157.531	157.615	156.833	157.045
Sep 26, 2023 00:00	157.613	157.9284389080308	157.3	157.528
Sep 25, 2023 00:00	158.045	158.2049119034757	157.367	157.62
Sep 22, 2023 00:00	157.388	158.28	157.1	158.13
Sep 21, 2023 00:00	157.947	158.064	157.01	157.391
Sep 20, 2023 00:00	157.816	158.447	157.78	157.93
Sep 19, 2023 00:00	157.819	158.2875698109203	157.669	157.82
Sep 18, 2023 00:00	157.735	157.935	157.329	157.823
Sep 15, 2023 00:00	156.822	157.9	156.7	157.61
Sep 14, 2023 00:00	158.118	158.42	156.62	156.821
Sep 13, 2023 00:00	158.24	158.6568368939353	157.99	158.122
Sep 12, 2023 00:00	157.63	158.3659849300323	157.16	158.244
Sep 11, 2023 00:00	157.657	157.7062509224102	156.57	157.631
Sep 08, 2023 00:00	157.601	158.386	156.996	158.3351189200771
Sep 07, 2023 00:00	158.395	158.518	157.202	157.6
Sep 06, 2023 00:00	158.14	158.47564900236	157.93	158.403
Sep 05, 2023 00:00	158.126	158.5029017918209	157.77	158.138
Sep 04, 2023 00:00	157.429	158.247339132314	157.4	158.125
Sep 01, 2023 00:00	157.735	157.959	157.03	157.8
Aug 31, 2023 00:00	159.656	159.73655	157.32	157.736
Aug 30, 2023 00:00	158.666	159.80985	158.53	159.661
Aug 29, 2023 00:00	158.55	159.064	158.22	158.669
Aug 28, 2023 00:00	158.22	158.614	158.099	158.547
Aug 25, 2023 00:00	157.714	158.3	157.21	158.06347
Aug 24, 2023 00:00	157.212	158.045	157.18	157.712
Aug 23, 2023 00:00	158.113	158.371	156.835	157.199
Aug 22, 2023 00:00	159.371	159.486	158.04	158.114
Aug 21, 2023 00:00	158.03	159.39278	157.77	159.369
Aug 18, 2023 00:00	158.443	158.541	157.64	158.36192
Aug 17, 2023 00:00	159.123	159.29794	158.24	158.448
Aug 16, 2023 00:00	158.779	159.37592	158.62	159.126
Aug 15, 2023 00:00	158.631	159.333	158.52	158.776
Aug 14, 2023 00:00	158.511	158.87	158.17	158.633
Aug 11, 2023 00:00	159.066	159.215	158.539	158.86416
Aug 10, 2023 00:00	157.762	159.203	157.67	159.069
Aug 09, 2023 00:00	157.026	157.891	156.884	157.761
Aug 08, 2023 00:00	156.825	157.739	156.329	156.995
Aug 07, 2023 00:00	156.091	156.89606	155.796	156.828
Aug 04, 2023 00:00	156.162	156.625	155.88	156.22556
Aug 03, 2023 00:00	156.858	157.229	155.52	156.165
Aug 02, 2023 00:00	157.343	157.5055	156.24	156.876
Aug 01, 2023 00:00	156.5	157.502	156.45	157.365
Jul 31, 2023 00:00	155.163	157.286	155.09	156.508
Jul 28, 2023 00:00	152.45	155.75788	151.317	155.66
Jul 27, 2023 00:00	155.495	156.234	152.176	152.447
Jul 26, 2023 00:00	155.696	155.984	155.12	155.497
Jul 25, 2023 00:00	156.584	156.888	155.595	155.697
Jul 24, 2023 00:00	157.686	157.781	156.22	156.576
Jul 21, 2023 00:00	155.69	158.046	155.57	157.85104
Jul 20, 2023 00:00	156.427	156.621	155.64	155.697
Jul 19, 2023 00:00	156.091	157.204	155.91	156.425
Jul 18, 2023 00:00	155.87	156.25446	154.873	156.096
Jul 17, 2023 00:00	155.702	156.338	155.08	155.882
Jul 14, 2023 00:00	154.953	156.129	154.153	155.91
Jul 13, 2023 00:00	154.089	155.124	153.867	154.951
Jul 12, 2023 00:00	154.3	154.359	153.43	154.091
Jul 11, 2023 00:00	155.504	155.668	154.15	154.312
Jul 10, 2023 00:00	155.952	156.67471	154.919	155.506
Jul 07, 2023 00:00	156.78	156.925	155.36	155.85
Jul 06, 2023 00:00	156.85	157.169	155.82	156.777
Jul 05, 2023 00:00	157.141	157.716	156.724	156.81
Jul 04, 2023 00:00	157.794	157.794	157.043	157.146
Jul 03, 2023 00:00	157.499	157.98624	157.23	157.79
Jun 30, 2023 00:00	157.355	157.879	156.665	157.53186
Jun 29, 2023 00:00	157.601	157.916	157.19	157.348
Jun 28, 2023 00:00	157.653	158.004	156.991	157.6
Jun 27, 2023 00:00	156.509	157.94869	156.37	157.646
Jun 26, 2023 00:00	156.544	156.722	155.72	156.509
Jun 23, 2023 00:00	156.694	157.11552	155.046	156.65
Jun 22, 2023 00:00	155.732	156.927	155.608	156.695
Jun 21, 2023 00:00	154.337	155.96238	154.31	155.73
Jun 20, 2023 00:00	155.008	155.378	154.03	154.338
Jun 19, 2023 00:00	155.17	155.29483	154.63	155.001
Jun 16, 2023 00:00	153.523	155.4983	153.07	155.48734
Jun 15, 2023 00:00	151.76	153.685	151.73	153.524
Jun 14, 2023 00:00	151.196	151.84125	150.89	151.759
Jun 13, 2023 00:00	150.078	151.375	150.02	151.211
Jun 12, 2023 00:00	149.821	150.35351	149.64	150.083
Jun 09, 2023 00:00	149.735	150.44121	149.68	149.95
Jun 08, 2023 00:00	149.805	150.04778	149.544	149.738
Jun 07, 2023 00:00	149.268	150.024	148.61	149.8
Jun 06, 2023 00:00	149.327	149.694	148.8	149.268
Jun 05, 2023 00:00	149.981	150.2	149.076	149.329
Jun 02, 2023 00:00	149.282	150.10995	149.23	149.98
Jun 01, 2023 00:00	148.776	149.68	148.66	149.292
May 31, 2023 00:00	150.016	150.0982	148.443	148.781
May 30, 2023 00:00	150.392	150.625	149.71	150.02
May 29, 2023 00:00	151.038	151.042	150.07	150.395
May 26, 2023 00:00	150.149	150.94609	149.79	150.93631
May 25, 2023 00:00	149.817	150.313	149.34	150.153
May 24, 2023 00:00	149.266	149.95161	148.82	149.816
May 23, 2023 00:00	149.902	150.056	149.08	149.27
May 22, 2023 00:00	148.992	150.01	148.82	149.899
May 19, 2023 00:00	149.371	149.796	148.69	149.18
May 18, 2023 00:00	149.132	149.45588	148.76	149.37
May 17, 2023 00:00	148.242	149.28149	148.11	149.129
May 16, 2023 00:00	147.91	148.5121	147.58	148.231
May 15, 2023 00:00	147.4	148.175	147.25	147.915
May 12, 2023 00:00	146.752	148.52	146.64	148.5
May 11, 2023 00:00	147.274	147.509	146.12	146.755
May 10, 2023 00:00	148.327	148.667	147.02	147.273
May 09, 2023 00:00	148.542	148.693	147.86	148.34
May 08, 2023 00:00	148.955	149.27	148.43	148.549
May 05, 2023 00:00	147.871	151.18013	147.67	151.15471
May 04, 2023 00:00	148.927	149.203	147.1	147.88
May 03, 2023 00:00	150.295	150.393	148.764	148.936
May 02, 2023 00:00	150.876	151.612	149.684	150.27
May 01, 2023 00:00	150.2	150.966	150.07544	150.883
Apr 28, 2023 00:00	147.517	151.70173	146.853	151.68484
Apr 27, 2023 00:00	147.386	148.007	147.13	147.512
Apr 26, 2023 00:00	146.785	147.91	146.44	147.38
Apr 25, 2023 00:00	148.262	148.616	146.26	146.775
Apr 24, 2023 00:00	147.24	148.469	147.09	148.255
Apr 21, 2023 00:00	146.961	148.91	146.37	148.88
Apr 20, 2023 00:00	147.515	147.831	146.91	146.963
Apr 19, 2023 00:00	147.103	147.86	147.05	147.524
Apr 18, 2023 00:00	146.886	147.378	146.71	147.107
Apr 17, 2023 00:00	147.172	147.45117	146.483	146.884
Apr 14, 2023 00:00	146.429	148.64	146.21	148.58
Apr 13, 2023 00:00	146.351	146.88451	146.06	146.419
Apr 12, 2023 00:00	145.839	146.668	145.384	146.34
Apr 11, 2023 00:00	145.064	145.98	144.85	145.833
Apr 10, 2023 00:00	144.145	145.18663	144.04	145.06
Apr 07, 2023 00:00	143.75	145.31559	143.57	145.31559
Apr 06, 2023 00:00	142.72	144.06412	142.54	143.759
Apr 05, 2023 00:00	143.964	144.52654	142.61	142.71
Apr 04, 2023 00:00	144.318	145.428	143.899	143.966
Apr 03, 2023 00:00	144.044	144.934	143.61	144.312
Mar 31, 2023 00:00	145.241	145.668	143.715	144.33091
Mar 30, 2023 00:00	143.708	145.315	143.118	145.242
Mar 29, 2023 00:00	142.033	144.11474	141.98	143.71
Mar 28, 2023 00:00	141.819	142.146	141.02	142.038
Mar 27, 2023 00:00	141.015	142.22	140.56	141.819
Mar 24, 2023 00:00	141.783	141.83542	139.06	140.98
Mar 23, 2023 00:00	142.582	143.195	141.147	141.777
Mar 22, 2023 00:00	142.624	143.62979	142.049	142.583
Mar 21, 2023 00:00	140.838	142.786	140.41	142.625
Mar 20, 2023 00:00	141.273	141.747	138.81	140.837
Mar 17, 2023 00:00	141.546	142.201	140.13	140.66684
Mar 16, 2023 00:00	140.613	142.03535	139.113	141.544
Mar 15, 2023 00:00	144.194	144.963	139.46	140.612
Mar 14, 2023 00:00	142.703	144.409	142.527	144.202
Mar 13, 2023 00:00	144.152	144.386	141.35	142.702
Mar 10, 2023 00:00	144.344	145.106	143.32	143.88
Mar 09, 2023 00:00	144.76	144.792	143.546	144.354
Mar 08, 2023 00:00	144.92	145.23566	144.22	144.76022
Mar 07, 2023 00:00	145.308	145.45	144.135	144.913
Mar 06, 2023 00:00	144.521	145.38	144.108	145.309
Mar 03, 2023 00:00	144.898	145.05173	144.28	144.63
Mar 02, 2023 00:00	145.293	145.564	144.681	144.898
Mar 01, 2023 00:00	144.205	145.394	144.02	145.293
Feb 28, 2023 00:00	144.628	145.469	143.72	144.208
Feb 27, 2023 00:00	143.96	144.65171	143.54	144.618
Feb 24, 2023 00:00	142.669	144.46	142.143	144.45
Feb 23, 2023 00:00	143.107	143.518	142.35	142.666
Feb 22, 2023 00:00	143.808	143.883	142.862	143.099
Feb 21, 2023 00:00	143.5	144.16073	142.932	143.778
Feb 20, 2023 00:00	143.496	143.652	143.01	143.492
Feb 17, 2023 00:00	142.992	143.81	142.94	143.76072
Feb 16, 2023 00:00	143.157	143.44	142.763	142.984
Feb 15, 2023 00:00	142.766	143.48677	142.32	143.153
Feb 14, 2023 00:00	142.006	143.01133	141.49	142.767
Feb 13, 2023 00:00	140.986	142.381	140.64	142.003
Feb 10, 2023 00:00	141.229	141.507	139.54	140.63888
Feb 09, 2023 00:00	140.786	141.4007	140.448	141.234
Feb 08, 2023 00:00	140.629	141.027	140.28	140.787
Feb 07, 2023 00:00	142.289	142.33797	140.26	140.625
Feb 06, 2023 00:00	142.478	142.803	141.97	142.29
Feb 03, 2023 00:00	140.408	142.343	139.92	141.62
Feb 02, 2023 00:00	141.62	141.928	140.03	140.41
Feb 01, 2023 00:00	141.301	141.831	140.88	141.624
Jan 31, 2023 00:00	141.567	141.589	140.73	141.3
Jan 30, 2023 00:00	141.147	141.976	140.52	141.567
Jan 27, 2023 00:00	141.379	141.578	140.78	141.2
Jan 26, 2023 00:00	141.151	141.96	140.85	141.397
Jan 25, 2023 00:00	141.794	142.29658	140.341	141.152
Jan 24, 2023 00:00	141.972	142.197	141.23	141.795
Jan 23, 2023 00:00	140.564	142.08688	140.464	141.95
Jan 20, 2023 00:00	139.068	141.197	139.039	140.9
Jan 19, 2023 00:00	138.791	139.422	137.89	139.065
Jan 18, 2023 00:00	138.407	141.682	138.307	138.803
Jan 17, 2023 00:00	138.977	139.616	138.147	138.4
Jan 16, 2023 00:00	138.578	139.293	138.22	138.98
Jan 13, 2023 00:00	140.275	140.367	137.98	138.72
Jan 12, 2023 00:00	141.992	142.134	139.99	140.27
Jan 11, 2023 00:00	141.857	142.849	141.835	141.97
Jan 10, 2023 00:00	141.373	142.06211	141.078	141.855
Jan 09, 2023 00:00	140.539	141.911	140.146	141.374
Jan 06, 2023 00:00	140.261	141.444	140.25	140.84
Jan 05, 2023 00:00	140.26	141.352	139.955	140.257
Jan 04, 2023 00:00	138.456	140.77	137.85	140.27
Jan 03, 2023 00:00	139.639	139.738	137.36	138.448
Jan 02, 2023 00:00	140.044	140.31	139.087	139.637