						
Jun 24, 2025 00:00	1.37299	1.37306	1.3729	1.37306
Jun 23, 2025 00:00	1.37411	1.37982	1.37219	1.37299
Jun 22, 2025 00:00	1.37455	1.37609	1.37377	1.37411
Jun 20, 2025 00:00	1.36954	1.37467	1.36864	1.37274
Jun 19, 2025 00:00	1.3691	1.37462	1.36799	1.36952
Jun 18, 2025 00:00	1.36694	1.37035	1.36342	1.36934
Jun 17, 2025 00:00	1.3573	1.36934	1.35565	1.36832
Jun 16, 2025 00:00	1.3583	1.36071	1.35396	1.3573
Jun 15, 2025 00:00	1.35792	1.35951	1.35771	1.3583
Jun 13, 2025 00:00	1.35959	1.36516	1.35661	1.35934
Jun 12, 2025 00:00	1.36661	1.36756	1.35944	1.35961
Jun 11, 2025 00:00	1.36687	1.36901	1.36497	1.36666
Jun 10, 2025 00:00	1.37007	1.37287	1.36641	1.36682
Jun 09, 2025 00:00	1.36927	1.37077	1.36694	1.37004
Jun 08, 2025 00:00	1.36902	1.37	1.36868	1.36925
Jun 06, 2025 00:00	1.36676	1.37048	1.366	1.36936
Jun 05, 2025 00:00	1.36816	1.3684	1.36346	1.36671
Jun 04, 2025 00:00	1.37157	1.37317	1.36523	1.36815
Jun 03, 2025 00:00	1.37108	1.37429	1.37011	1.37153
Jun 02, 2025 00:00	1.37252	1.3729	1.36742	1.37103
Jun 01, 2025 00:00	1.37323	1.37414	1.37209	1.37251
May 30, 2025 00:00	1.38068	1.383	1.37165	1.37178
May 29, 2025 00:00	1.38537	1.38617	1.37852	1.38073
May 28, 2025 00:00	1.38101	1.38609	1.38013	1.38533
May 27, 2025 00:00	1.37363	1.38357	1.37219	1.38098
May 26, 2025 00:00	1.37359	1.37393	1.36858	1.37365
May 25, 2025 00:00	1.37209	1.37384	1.37187	1.37361
May 23, 2025 00:00	1.38586	1.38589	1.37112	1.37169
May 22, 2025 00:00	1.38618	1.38893	1.38457	1.38586
May 21, 2025 00:00	1.39085	1.39111	1.38137	1.38615
May 20, 2025 00:00	1.39588	1.39686	1.39078	1.39086
May 19, 2025 00:00	1.39527	1.39728	1.39171	1.39581
May 18, 2025 00:00	1.39624	1.39677	1.39513	1.39534
May 16, 2025 00:00	1.39564	1.39956	1.39352	1.39826
May 15, 2025 00:00	1.39778	1.40048	1.39505	1.39562
May 14, 2025 00:00	1.39335	1.39861	1.39018	1.39781
May 13, 2025 00:00	1.39739	1.40165	1.39269	1.39331
May 12, 2025 00:00	1.39283	1.40158	1.39144	1.39741
May 11, 2025 00:00	1.38973	1.39329	1.38958	1.39279
May 09, 2025 00:00	1.39235	1.39446	1.39063	1.39279
May 08, 2025 00:00	1.38365	1.3933	1.38132	1.39234
May 07, 2025 00:00	1.37712	1.38394	1.37675	1.38367
May 06, 2025 00:00	1.38228	1.38452	1.37503	1.37716
May 05, 2025 00:00	1.38249	1.38295	1.37864	1.3823
May 04, 2025 00:00	1.37881	1.38282	1.37878	1.3825
May 02, 2025 00:00	1.38487	1.38501	1.376	1.38103
May 01, 2025 00:00	1.3794	1.38622	1.37839	1.38484
Apr 30, 2025 00:00	1.3826	1.38554	1.37699	1.37941
Apr 29, 2025 00:00	1.38293	1.38715	1.38083	1.38259
Apr 28, 2025 00:00	1.38614	1.38928	1.38163	1.3829
Apr 27, 2025 00:00	1.38603	1.38724	1.38494	1.38711
Apr 25, 2025 00:00	1.38558	1.38925	1.38494	1.38593
Apr 24, 2025 00:00	1.38752	1.38989	1.38393	1.38558
Apr 23, 2025 00:00	1.38483	1.39047	1.37979	1.38751
Apr 22, 2025 00:00	1.38333	1.38615	1.37926	1.38482
Apr 21, 2025 00:00	1.38251	1.38496	1.37811	1.38337
Apr 20, 2025 00:00	1.38353	1.38462	1.3822	1.38253
Apr 18, 2025 00:00	1.38427	1.38697	1.38413	1.38476
Apr 17, 2025 00:00	1.38594	1.39062	1.38277	1.38449
Apr 16, 2025 00:00	1.39582	1.396	1.38516	1.38595
Apr 15, 2025 00:00	1.39013	1.39779	1.38499	1.39583
Apr 14, 2025 00:00	1.38749	1.3911	1.38286	1.39009
Apr 13, 2025 00:00	1.38567	1.38846	1.38532	1.38737
Apr 11, 2025 00:00	1.39522	1.39845	1.38391	1.38827
Apr 10, 2025 00:00	1.41031	1.41099	1.39514	1.39524
Apr 09, 2025 00:00	1.42562	1.42735	1.40747	1.41025
Apr 08, 2025 00:00	1.42392	1.42717	1.41438	1.42566
Apr 07, 2025 00:00	1.4242	1.42963	1.41791	1.42392
Apr 06, 2025 00:00	1.42542	1.42686	1.42054	1.42425
Apr 04, 2025 00:00	1.40832	1.42542	1.40535	1.42409
Apr 03, 2025 00:00	1.42168	1.42585	1.40275	1.40832
Apr 02, 2025 00:00	1.42941	1.43638	1.42152	1.42168
Apr 01, 2025 00:00	1.43908	1.44152	1.42886	1.42937
Mar 31, 2025 00:00	1.43103	1.43963	1.42992	1.4391
Mar 30, 2025 00:00	1.4303	1.43291	1.42971	1.43097
Mar 28, 2025 00:00	1.43074	1.43335	1.42762	1.43159
Mar 27, 2025 00:00	1.4297	1.4329	1.42592	1.4307
Mar 26, 2025 00:00	1.42734	1.43163	1.4235	1.4296
Mar 25, 2025 00:00	1.43167	1.43327	1.42709	1.42733
Mar 24, 2025 00:00	1.43476	1.4351	1.42894	1.43165
Mar 21, 2025 00:00	1.43244	1.43733	1.43136	1.43522
Mar 20, 2025 00:00	1.43235	1.44016	1.43126	1.43251
Mar 19, 2025 00:00	1.43	1.43491	1.42955	1.43228
Mar 18, 2025 00:00	1.42985	1.43193	1.42647	1.43
Mar 17, 2025 00:00	1.43736	1.43806	1.42754	1.42986
Mar 16, 2025 00:00	1.43758	1.43782	1.4358	1.43732
Mar 14, 2025 00:00	1.44272	1.44418	1.43554	1.43602
Mar 13, 2025 00:00	1.43596	1.44516	1.43589	1.44268
Mar 12, 2025 00:00	1.44357	1.44849	1.43532	1.43595
Mar 11, 2025 00:00	1.4427	1.45212	1.43795	1.44354
Mar 10, 2025 00:00	1.43734	1.44729	1.4353	1.44268
Mar 09, 2025 00:00	1.43719	1.43878	1.43537	1.43732
Mar 07, 2025 00:00	1.42938	1.44262	1.42794	1.43746
Mar 06, 2025 00:00	1.43361	1.43767	1.42401	1.42937
Mar 05, 2025 00:00	1.4399	1.445	1.43298	1.43402
Mar 04, 2025 00:00	1.44948	1.45427	1.43714	1.43982
Mar 03, 2025 00:00	1.44466	1.45418	1.437	1.44946
Mar 02, 2025 00:00	1.44426	1.44426	1.44426	1.44426
Feb 28, 2025 00:00	1.44377	1.44708	1.43997	1.44624
Feb 27, 2025 00:00	1.43356	1.44494	1.43217	1.44466
Feb 26, 2025 00:00	1.4302	1.43681	1.4294	1.43385
Feb 25, 2025 00:00	1.42582	1.43176	1.42399	1.43019
Feb 24, 2025 00:00	1.42106	1.42794	1.41817	1.42781
Feb 23, 2025 00:00	1.42044	1.42236	1.42044	1.42109
Feb 21, 2025 00:00	1.4169	1.42362	1.4168	1.42304
Feb 20, 2025 00:00	1.42411	1.42451	1.41663	1.41754
Feb 19, 2025 00:00	1.41898	1.42456	1.41754	1.4241
Feb 18, 2025 00:00	1.41755	1.42129	1.41742	1.41903
Feb 17, 2025 00:00	1.41817	1.41944	1.41591	1.41849
Feb 16, 2025 00:00	1.41619	1.41902	1.41619	1.41812
Feb 14, 2025 00:00	1.41928	1.42007	1.41509	1.41717
Feb 13, 2025 00:00	1.43015	1.43061	1.4183	1.41928
Feb 12, 2025 00:00	1.4287	1.43426	1.42555	1.43006
Feb 11, 2025 00:00	1.43086	1.43458	1.42791	1.4287
Feb 10, 2025 00:00	1.43481	1.43782	1.4305	1.43389
Feb 09, 2025 00:00	1.43481	1.43782	1.43307	1.43331
Feb 07, 2025 00:00	1.43019	1.43446	1.42727	1.42947
Feb 06, 2025 00:00	1.4313	1.43668	1.42992	1.43076
Feb 05, 2025 00:00	1.43192	1.43445	1.42695	1.43159
Feb 04, 2025 00:00	1.44171	1.45036	1.43023	1.43389
Feb 03, 2025 00:00	1.47134	1.47924	1.43864	1.44216
Feb 02, 2025 00:00	1.47353	1.47503	1.47054	1.47134
Jan 31, 2025 00:00	1.449	1.45595	1.43707	1.454
Jan 30, 2025 00:00	1.43973	1.45953	1.43973	1.44929
Jan 29, 2025 00:00	1.44034	1.44718	1.43917	1.43969
Jan 28, 2025 00:00	1.44057	1.44201	1.43689	1.44029
Jan 27, 2025 00:00	1.43591	1.44153	1.43333	1.44069
Jan 26, 2025 00:00	1.43588	1.43876	1.43577	1.43863
Jan 24, 2025 00:00	1.43778	1.43836	1.43148	1.4346
Jan 23, 2025 00:00	1.43696	1.44134	1.43344	1.43775
Jan 22, 2025 00:00	1.43166	1.44044	1.43003	1.43954
Jan 21, 2025 00:00	1.43029	1.45158	1.42887	1.43409
Jan 20, 2025 00:00	1.44522	1.44859	1.42611	1.43028
Jan 19, 2025 00:00	1.44594	1.4485	1.44502	1.44697
Jan 17, 2025 00:00	1.43941	1.44851	1.31529	1.4474
Jan 16, 2025 00:00	1.43312	1.44033	1.43207	1.43933
Jan 15, 2025 00:00	1.43519	1.43671	1.4302	1.43252
Jan 14, 2025 00:00	1.43649	1.44103	1.4345	1.43515
Jan 13, 2025 00:00	1.44145	1.44475	1.43429	1.43645
Jan 12, 2025 00:00	1.44195	1.44226	1.44114	1.44151
Jan 10, 2025 00:00	1.44019	1.44432	1.43756	1.44282
Jan 09, 2025 00:00	1.43767	1.4405	1.4365	1.4402
Jan 08, 2025 00:00	1.43653	1.44097	1.43391	1.43773
Jan 07, 2025 00:00	1.43408	1.4371	1.42977	1.43658
Jan 06, 2025 00:00	1.44385	1.4445	1.42797	1.43412
Jan 05, 2025 00:00	1.44364	1.44503	1.44358	1.44391
Jan 03, 2025 00:00	1.44044	1.44638	1.43829	1.44448
Jan 02, 2025 00:00	1.43755	1.4442	1.4369	1.44045
Jan 01, 2025 00:00	1.43776	1.43846	1.43732	1.43754
Dec 31, 2024 00:00	1.43502	1.44095	1.4338	1.4383
Dec 30, 2024 00:00	1.44029	1.44326	1.43448	1.43505
Dec 29, 2024 00:00	1.44122	1.44152	1.44021	1.44031
Dec 27, 2024 00:00	1.44101	1.44495	1.4375	1.44144
Dec 26, 2024 00:00	1.43543	1.44207	1.43499	1.44095
Dec 25, 2024 00:00	1.436	1.43652	1.42075	1.43538
Dec 24, 2024 00:00	1.43617	1.44203	1.43547	1.4364
Dec 23, 2024 00:00	1.43602	1.44334	1.43489	1.43742
Dec 22, 2024 00:00	1.43623	1.43694	1.43587	1.43605
Dec 20, 2024 00:00	1.44026	1.44357	1.43353	1.43677
Dec 19, 2024 00:00	1.44617	1.44617	1.43443	1.4403
Dec 18, 2024 00:00	1.43102	1.44667	1.43046	1.44621
Dec 17, 2024 00:00	1.42346	1.43237	1.42317	1.431
Dec 16, 2024 00:00	1.42263	1.42694	1.42168	1.4235
Dec 15, 2024 00:00	1.42232	1.42366	1.42232	1.42264
Dec 13, 2024 00:00	1.42157	1.42451	1.42094	1.42386
Dec 12, 2024 00:00	1.41848	1.42278	1.4162	1.4216
Dec 11, 2024 00:00	1.41612	1.41675	1.41478	1.41486
Dec 10, 2024 00:00	1.41748	1.4195	1.41554	1.41751
Dec 09, 2024 00:00	1.41478	1.41754	1.40934	1.4175
Dec 08, 2024 00:00	1.41522	1.41649	1.41477	1.41483
Dec 05, 2024 00:00	1.40723	1.40796	1.40104	1.40195
Dec 04, 2024 00:00	1.40652	1.40833	1.40517	1.40724
Dec 03, 2024 00:00	1.40243	1.40762	1.4023	1.40654
Dec 02, 2024 00:00	1.40137	1.40896	1.40128	1.40465
Dec 01, 2024 00:00	1.3989	1.40184	1.39884	1.4014
Nov 28, 2024 00:00	1.40263	1.40318	1.39983	1.4008
Nov 27, 2024 00:00	1.40523	1.40781	1.40092	1.40266
Nov 26, 2024 00:00	1.40774	1.40798	1.40477	1.40526
Nov 25, 2024 00:00	1.39693	1.41205	1.39508	1.40985
Nov 24, 2024 00:00	1.39465	1.39519	1.3932	1.39336
Nov 21, 2024 00:00	1.39689	1.39844	1.39313	1.39844
Nov 20, 2024 00:00	1.39555	1.40148	1.39504	1.3969
Nov 19, 2024 00:00	1.40228	1.40367	1.39512	1.39556
Nov 18, 2024 00:00	1.40859	1.41029	1.4004	1.40228
Nov 17, 2024 00:00	1.40846	1.40907	1.40813	1.40868
Nov 14, 2024 00:00	1.39923	1.40715	1.39878	1.40617
Nov 13, 2024 00:00	1.39452	1.4003	1.39302	1.39922
Nov 12, 2024 00:00	1.39209	1.39676	1.39158	1.39453
Nov 11, 2024 00:00	1.39309	1.39506	1.39144	1.39206
Nov 10, 2024 00:00	1.39033	1.39146	1.39007	1.39102
Nov 08, 2024 00:00	1.38681	1.3928	1.21846	1.30978
Nov 07, 2024 00:00	1.39381	1.39427	1.38052	1.3864
Nov 06, 2024 00:00	1.38859	1.39585	1.3873	1.39471
Nov 05, 2024 00:00	1.39017	1.3908	1.37794	1.38321
Nov 04, 2024 00:00	1.3914	1.3932	1.38243	1.39
Nov 03, 2024 00:00	1.39163	1.39267	1.39158	1.39205
Nov 01, 2024 00:00	1.39352	1.3961	1.26729	1.29301
Oct 31, 2024 00:00	1.39101	1.3945	1.3889	1.3933
Oct 30, 2024 00:00	1.39147	1.39403	1.3848	1.39089
Oct 29, 2024 00:00	1.3886	1.39295	1.38615	1.39127
Oct 28, 2024 00:00	1.38942	1.39082	1.38528	1.3887
Oct 27, 2024 00:00	1.38838	1.38973	1.38803	1.3896
Oct 25, 2024 00:00	1.38531	1.38974	1.26484	1.26484
Oct 24, 2024 00:00	1.3833	1.38686	1.381	1.38534
Oct 23, 2024 00:00	1.3819	1.3863	1.37857	1.38369
Oct 22, 2024 00:00	1.3834	1.3838	1.38071	1.3815
Oct 21, 2024 00:00	1.38	1.38498	1.37994	1.38341
Oct 20, 2024 00:00	1.37985	1.38051	1.37967	1.37998
Oct 18, 2024 00:00	1.3795	1.38147	1.37635	1.37843
Oct 17, 2024 00:00	1.3753	1.38013	1.3745	1.37965
Oct 16, 2024 00:00	1.37854	1.3793	1.37449	1.37563
Oct 15, 2024 00:00	1.38025	1.38388	1.37697	1.37809
Oct 14, 2024 00:00	1.37844	1.38051	1.37538	1.38027
Oct 13, 2024 00:00	1.37781	1.37854	1.37763	1.37828
Oct 11, 2024 00:00	1.37454	1.3783	1.3723	1.37504
Oct 10, 2024 00:00	1.371	1.37753	1.37043	1.37459
Oct 09, 2024 00:00	1.36548	1.37189	1.36469	1.371
Oct 08, 2024 00:00	1.3621	1.3675	1.3609	1.36536
Oct 07, 2024 00:00	1.35825	1.36394	1.35498	1.36208
Oct 06, 2024 00:00	1.35595	1.35822	1.35533	1.35804
Oct 04, 2024 00:00	1.35486	1.35909	1.33218	1.33218
Oct 03, 2024 00:00	1.35074	1.35599	1.35058	1.35488
Oct 02, 2024 00:00	1.34949	1.351	1.34722	1.35074
Oct 01, 2024 00:00	1.35254	1.35396	1.34806	1.34945
Sep 30, 2024 00:00	1.351	1.35378	1.34894	1.35255
Sep 29, 2024 00:00	1.35006	1.35129	1.34995	1.35097
Sep 27, 2024 00:00	1.34761	1.35264	1.33391	1.33391
Sep 26, 2024 00:00	1.34836	1.34894	1.3403	1.34771
Sep 25, 2024 00:00	1.34202	1.3501	1.3417	1.3482
Sep 24, 2024 00:00	1.353	1.3532	1.34203	1.34208
Sep 23, 2024 00:00	1.35657	1.35822	1.34868	1.35297
Sep 22, 2024 00:00	1.35512	1.35693	1.35512	1.35659
Sep 20, 2024 00:00	1.35625	1.3598	1.33304	1.34957
Sep 19, 2024 00:00	1.36085	1.36473	1.34817	1.35625
Sep 18, 2024 00:00	1.35938	1.36228	1.35059	1.3608
Sep 17, 2024 00:00	1.35863	1.36165	1.3579	1.35937
Sep 16, 2024 00:00	1.35791	1.36078	1.35664	1.35869
Sep 15, 2024 00:00	1.35934	1.35941	1.35774	1.35789
Sep 13, 2024 00:00	1.3572	1.35998	1.3397	1.33978
Sep 12, 2024 00:00	1.35783	1.36044	1.35536	1.35754
Sep 11, 2024 00:00	1.36096	1.36229	1.35375	1.3577
Sep 10, 2024 00:00	1.3564	1.3617	1.3559	1.36105
Sep 09, 2024 00:00	1.35626	1.3577	1.35336	1.35648
Sep 08, 2024 00:00	1.35587	1.35702	1.35579	1.35635
Sep 06, 2024 00:00	1.34987	1.35823	1.30633	1.30633
Sep 05, 2024 00:00	1.35079	1.35251	1.34836	1.34991
Sep 04, 2024 00:00	1.35435	1.35653	1.34446	1.3508
Sep 03, 2024 00:00	1.34976	1.35623	1.34567	1.35433
Sep 02, 2024 00:00	1.34915	1.35057	1.34852	1.34981
Aug 30, 2024 00:00	1.3489	1.35091	1.32648	1.32719
Aug 29, 2024 00:00	1.34763	1.34906	1.3447	1.34891
Aug 28, 2024 00:00	1.34471	1.34882	1.3439	1.3477
Aug 27, 2024 00:00	1.34819	1.34883	1.34022	1.34473
Aug 26, 2024 00:00	1.35079	1.35141	1.34419	1.3482
Aug 23, 2024 00:00	1.36034	1.3605	1.34136	1.34136
Aug 22, 2024 00:00	1.35833	1.3619	1.357	1.36036
Aug 21, 2024 00:00	1.3617	1.36232	1.3497	1.35835
Aug 20, 2024 00:00	1.36309	1.3677	1.35464	1.36169
Aug 19, 2024 00:00	1.3678	1.3685	1.35735	1.36307
Aug 16, 2024 00:00	1.37336	1.37368	1.36396	1.36621
Aug 15, 2024 00:00	1.37167	1.37381	1.36877	1.3734
Aug 14, 2024 00:00	1.37089	1.37241	1.36803	1.37166
Aug 13, 2024 00:00	1.37407	1.37475	1.3686	1.37091
Aug 12, 2024 00:00	1.3735	1.3748	1.3716	1.37411
Aug 09, 2024 00:00	1.37354	1.3755	1.36827	1.36879
Aug 08, 2024 00:00	1.37515	1.37655	1.36908	1.37355
Aug 07, 2024 00:00	1.37865	1.3791	1.3719	1.3751
Aug 06, 2024 00:00	1.38049	1.38555	1.37085	1.37865
Aug 05, 2024 00:00	1.38822	1.39461	1.37573	1.38053
Aug 02, 2024 00:00	1.38809	1.38882	1.38278	1.38398
Aug 01, 2024 00:00	1.38081	1.3889	1.37933	1.38809
Jul 31, 2024 00:00	1.3848	1.3859	1.37787	1.38082
Jul 30, 2024 00:00	1.38555	1.3865	1.38007	1.3846
Jul 29, 2024 00:00	1.38302	1.38648	1.3814	1.38558
Jul 26, 2024 00:00	1.38185	1.385	1.36908	1.3734
Jul 25, 2024 00:00	1.38119	1.38482	1.3795	1.3819
Jul 24, 2024 00:00	1.3786	1.38161	1.37746	1.38112
Jul 23, 2024 00:00	1.3761	1.37871	1.3751	1.3783
Jul 22, 2024 00:00	1.3707	1.37746	1.3705	1.37613
Jul 19, 2024 00:00	1.37033	1.37475	1.36112	1.36112
Jul 18, 2024 00:00	1.36776	1.37184	1.36163	1.3701
Jul 17, 2024 00:00	1.3671	1.3702	1.36505	1.3678
Jul 16, 2024 00:00	1.36777	1.3708	1.36523	1.36713
Jul 15, 2024 00:00	1.36469	1.3701	1.3628	1.36778
Jul 12, 2024 00:00	1.36239	1.3643	1.34775	1.34805
Jul 11, 2024 00:00	1.36186	1.36476	1.35783	1.3624
Jul 10, 2024 00:00	1.3632	1.3643	1.35994	1.3617
Jul 09, 2024 00:00	1.36299	1.36484	1.35949	1.3632
Jul 08, 2024 00:00	1.364	1.36471	1.35655	1.36295
Jul 05, 2024 00:00	1.36147	1.36531	1.35444	1.35467
Jul 04, 2024 00:00	1.36331	1.3639	1.36014	1.36152
Jul 03, 2024 00:00	1.36774	1.36865	1.36057	1.36331
Jul 02, 2024 00:00	1.37379	1.3755	1.3665	1.36774
Jul 01, 2024 00:00	1.36741	1.37482	1.3661	1.37378
Jun 28, 2024 00:00	1.36995	1.3734	1.36482	1.36507
Jun 27, 2024 00:00	1.37046	1.37123	1.3674	1.3698
Jun 26, 2024 00:00	1.3659	1.37076	1.3648	1.37047
Jun 25, 2024 00:00	1.36579	1.36804	1.36063	1.36611
Jun 24, 2024 00:00	1.37	1.3708	1.36445	1.36578
Jun 21, 2024 00:00	1.36842	1.37176	1.36505	1.3691
Jun 20, 2024 00:00	1.37065	1.3721	1.36686	1.36847
Jun 19, 2024 00:00	1.37168	1.3726	1.36777	1.3705
Jun 18, 2024 00:00	1.37137	1.3757	1.3707	1.37168
Jun 17, 2024 00:00	1.37346	1.37642	1.3711	1.37139
Jun 14, 2024 00:00	1.3744	1.37792	1.36429	1.37018
Jun 13, 2024 00:00	1.37214	1.37634	1.36541	1.37442
Jun 12, 2024 00:00	1.37549	1.3762	1.36577	1.37212
Jun 11, 2024 00:00	1.37602	1.37915	1.3745	1.37546
Jun 10, 2024 00:00	1.3759	1.37817	1.3747	1.37601
Jun 07, 2024 00:00	1.36678	1.37673	1.36544	1.37394
Jun 06, 2024 00:00	1.36899	1.37098	1.36538	1.36682
Jun 05, 2024 00:00	1.36764	1.37415	1.3663	1.36901
Jun 04, 2024 00:00	1.36288	1.36988	1.3618	1.36766
Jun 03, 2024 00:00	1.36192	1.36685	1.36	1.36284
May 31, 2024 00:00	1.36834	1.36894	1.35413	1.3628
May 30, 2024 00:00	1.3717	1.37345	1.3658	1.36833
May 29, 2024 00:00	1.36469	1.3723	1.3644	1.37169
May 28, 2024 00:00	1.36281	1.3654	1.3612	1.36469
May 27, 2024 00:00	1.36696	1.36704	1.3581	1.36282
May 24, 2024 00:00	1.37325	1.37381	1.3646	1.3674
May 23, 2024 00:00	1.36901	1.37433	1.36244	1.37326
May 22, 2024 00:00	1.36406	1.36979	1.362	1.36901
May 21, 2024 00:00	1.36228	1.36752	1.35845	1.3641
May 20, 2024 00:00	1.36085	1.36352	1.3594	1.36232
May 17, 2024 00:00	1.36144	1.36436	1.3599	1.3611
May 16, 2024 00:00	1.35976	1.3641	1.3588	1.36146
May 15, 2024 00:00	1.36533	1.3661	1.35622	1.35974
May 14, 2024 00:00	1.36662	1.36899	1.3631	1.36534
May 13, 2024 00:00	1.36772	1.36896	1.3651	1.36658
May 10, 2024 00:00	1.36778	1.36902	1.36	1.36672
May 09, 2024 00:00	1.37281	1.37378	1.36679	1.36774
May 08, 2024 00:00	1.37334	1.3763	1.37057	1.37277
May 07, 2024 00:00	1.36651	1.37412	1.3658	1.3733
May 06, 2024 00:00	1.36914	1.3697	1.35956	1.36647
May 03, 2024 00:00	1.36652	1.36912	1.3608	1.3685
May 02, 2024 00:00	1.37202	1.37295	1.36568	1.3666
May 01, 2024 00:00	1.37773	1.37827	1.36913	1.37305
Apr 30, 2024 00:00	1.36673	1.37846	1.366	1.3777
Apr 29, 2024 00:00	1.36554	1.36768	1.36142	1.3665
Apr 26, 2024 00:00	1.36589	1.36956	1.35527	1.3679
Apr 25, 2024 00:00	1.37037	1.37308	1.36438	1.36594
Apr 24, 2024 00:00	1.36615	1.37287	1.3652	1.3702
Apr 23, 2024 00:00	1.37	1.37142	1.36324	1.36617
Apr 22, 2024 00:00	1.37388	1.37497	1.3684	1.3699
Apr 19, 2024 00:00	1.37707	1.3804	1.36544	1.3797
Apr 18, 2024 00:00	1.37709	1.37813	1.37266	1.37707
Apr 17, 2024 00:00	1.38188	1.38376	1.37107	1.37711
Apr 16, 2024 00:00	1.3786	1.38459	1.3772	1.3819
Apr 15, 2024 00:00	1.37586	1.37933	1.3723	1.37865
Apr 12, 2024 00:00	1.36867	1.3787	1.3495	1.3773
Apr 11, 2024 00:00	1.3687	1.37257	1.3659	1.3686
Apr 10, 2024 00:00	1.35725	1.3703	1.3555	1.36885
Apr 09, 2024 00:00	1.35706	1.35985	1.3545	1.35728
Apr 08, 2024 00:00	1.36039	1.36166	1.3516	1.35707
Apr 05, 2024 00:00	1.35436	1.36474	1.3538	1.3588
Apr 04, 2024 00:00	1.35238	1.3559	1.3475	1.35435
Apr 03, 2024 00:00	1.3564	1.3589	1.34959	1.3524
Apr 02, 2024 00:00	1.3571	1.35844	1.35226	1.35642
Apr 01, 2024 00:00	1.35214	1.35863	1.3512	1.35737
Mar 29, 2024 00:00	1.3536	1.35613	1.3028	1.3539
Mar 28, 2024 00:00	1.35852	1.36137	1.35093	1.35363
Mar 27, 2024 00:00	1.35819	1.3608	1.3562	1.3583
Mar 26, 2024 00:00	1.35854	1.35904	1.34908	1.35819
Mar 25, 2024 00:00	1.36115	1.36136	1.3568	1.3585
Mar 22, 2024 00:00	1.35274	1.3635	1.3517	1.3604
Mar 21, 2024 00:00	1.34729	1.35414	1.3454	1.35274
Mar 20, 2024 00:00	1.35742	1.3605	1.3469	1.34728
Mar 19, 2024 00:00	1.35348	1.36134	1.3532	1.3574
Mar 18, 2024 00:00	1.35458	1.3553	1.3498	1.3535
Mar 15, 2024 00:00	1.35365	1.35516	1.33024	1.3527
Mar 14, 2024 00:00	1.34653	1.3542	1.3447	1.3534
Mar 13, 2024 00:00	1.34931	1.34984	1.3457	1.3463
Mar 12, 2024 00:00	1.34773	1.35254	1.34557	1.34931
Mar 11, 2024 00:00	1.34804	1.35096	1.3467	1.3475
Mar 08, 2024 00:00	1.34526	1.34978	1.335	1.335
Mar 07, 2024 00:00	1.35117	1.35253	1.26239	1.34528
Mar 06, 2024 00:00	1.359	1.35997	1.34719	1.35118
Mar 05, 2024 00:00	1.35757	1.36049	1.3554	1.359
Mar 04, 2024 00:00	1.35508	1.35837	1.3543	1.3574
Mar 01, 2024 00:00	1.35682	1.3602	1.35265	1.3562
Feb 29, 2024 00:00	1.35774	1.35974	1.35165	1.3569
Feb 28, 2024 00:00	1.35313	1.3606	1.3525	1.35775
Feb 27, 2024 00:00	1.35013	1.35392	1.3482	1.35312
Feb 26, 2024 00:00	1.35102	1.35285	1.34687	1.35013
Feb 23, 2024 00:00	1.34824	1.3541	1.33968	1.34207
Feb 22, 2024 00:00	1.3495	1.35075	1.3438	1.348
Feb 21, 2024 00:00	1.35235	1.35362	1.3484	1.3493
Feb 20, 2024 00:00	1.34991	1.35296	1.347	1.35232
Feb 19, 2024 00:00	1.34774	1.3501	1.3466	1.3497
Feb 16, 2024 00:00	1.34655	1.35078	1.33933	1.34052
Feb 15, 2024 00:00	1.35382	1.35513	1.3458	1.34652
Feb 14, 2024 00:00	1.35658	1.35721	1.3529	1.35382
Feb 13, 2024 00:00	1.34554	1.35859	1.34315	1.35656
Feb 12, 2024 00:00	1.34575	1.3475	1.3427	1.34554
Feb 09, 2024 00:00	1.3458	1.3482	1.33262	1.33921
Feb 08, 2024 00:00	1.34621	1.34928	1.34188	1.34598
Feb 07, 2024 00:00	1.34897	1.3493	1.3453	1.34622
Feb 06, 2024 00:00	1.35432	1.35434	1.34561	1.34892
Feb 05, 2024 00:00	1.34696	1.3547	1.3464	1.35433
Feb 02, 2024 00:00	1.3384	1.34754	1.3363	1.34292
Feb 01, 2024 00:00	1.3432	1.34357	1.33613	1.33844
Jan 31, 2024 00:00	1.34015	1.34462	1.33512	1.34317
Jan 30, 2024 00:00	1.34111	1.34463	1.3355	1.34013
Jan 29, 2024 00:00	1.34555	1.34652	1.33994	1.34114
Jan 26, 2024 00:00	1.34797	1.34829	1.33196	1.33707
Jan 25, 2024 00:00	1.35254	1.35344	1.34449	1.34793
Jan 24, 2024 00:00	1.34562	1.35283	1.3428	1.35253
Jan 23, 2024 00:00	1.3478	1.3492	1.3451	1.3456
Jan 22, 2024 00:00	1.34319	1.3487	1.3413	1.34779
Jan 19, 2024 00:00	1.34849	1.3502	1.34045	1.34124
Jan 18, 2024 00:00	1.35013	1.35277	1.34741	1.3485
Jan 17, 2024 00:00	1.34893	1.35418	1.3394	1.35014
Jan 16, 2024 00:00	1.34358	1.3502	1.3433	1.3488
Jan 15, 2024 00:00	1.34065	1.34484	1.338	1.34357
Jan 12, 2024 00:00	1.33782	1.3412	1.3341	1.33591
Jan 11, 2024 00:00	1.33796	1.34427	1.33271	1.33783
Jan 10, 2024 00:00	1.33892	1.33943	1.3363	1.33796
Jan 09, 2024 00:00	1.33509	1.34149	1.3338	1.33894
Jan 08, 2024 00:00	1.33595	1.34051	1.33398	1.33509
Jan 05, 2024 00:00	1.3356	1.33985	1.32626	1.3365
Jan 04, 2024 00:00	1.33483	1.3366	1.3315	1.33557
Jan 03, 2024 00:00	1.33213	1.3372	1.3315	1.33481
Jan 02, 2024 00:00	1.32443	1.3334	1.3226	1.33214
Jan 01, 2024 00:00	1.3249	1.3325	1.28984	1.32441
Dec 29, 2023 00:00	1.32301	1.32652	1.30048	1.30958
Dec 28, 2023 00:00	1.32045	1.3239	1.31546	1.3228
Dec 27, 2023 00:00	1.31965	1.32193	1.3175	1.32045
Dec 26, 2023 00:00	1.32516	1.32618	1.31795	1.31949
Dec 25, 2023 00:00	1.32592	1.3304	1.31449	1.32517
Dec 22, 2023 00:00	1.32839	1.3295	1.207	1.3295
Dec 21, 2023 00:00	1.33581	1.33596	1.32138	1.32839
Dec 20, 2023 00:00	1.33384	1.3373	1.331	1.33592
Dec 19, 2023 00:00	1.3398	1.34001	1.32884	1.3336
Dec 18, 2023 00:00	1.33816	1.34089	1.3347	1.33977
Dec 15, 2023 00:00	1.34039	1.34143	1.33005	1.3395
Dec 14, 2023 00:00	1.35099	1.35099	1.3392	1.34043
Dec 13, 2023 00:00	1.3585	1.36081	1.34744	1.35097
Dec 12, 2023 00:00	1.3576	1.36184	1.35391	1.3585
Dec 11, 2023 00:00	1.35809	1.3605	1.35465	1.35784
Dec 08, 2023 00:00	1.3595	1.361	1.34359	1.3592
Dec 07, 2023 00:00	1.359	1.36193	1.35644	1.35964
Dec 06, 2023 00:00	1.35918	1.3597	1.3548	1.35918
Dec 05, 2023 00:00	1.35393	1.35943	1.3534	1.35918
Dec 04, 2023 00:00	1.34886	1.35619	1.34861	1.3538
Dec 01, 2023 00:00	1.35565	1.35569	1.34327	1.3495
Nov 30, 2023 00:00	1.3592	1.36265	1.34957	1.3555
Nov 29, 2023 00:00	1.35656	1.36145	1.3539	1.35921
Nov 28, 2023 00:00	1.36053	1.36134	1.3557	1.3563
Nov 27, 2023 00:00	1.36312	1.36607	1.3597	1.3604
Nov 24, 2023 00:00	1.36958	1.3712	1.35472	1.3643
Nov 23, 2023 00:00	1.36925	1.37111	1.3648	1.36957
Nov 22, 2023 00:00	1.3698	1.37655	1.36796	1.369
Nov 21, 2023 00:00	1.3726	1.37311	1.3679	1.36992
Nov 20, 2023 00:00	1.37205	1.37494	1.3687	1.3726
Nov 17, 2023 00:00	1.37521	1.37708	1.35484	1.3719
Nov 16, 2023 00:00	1.36833	1.37768	1.3675	1.3751
Nov 15, 2023 00:00	1.36992	1.37099	1.3653	1.36834
Nov 14, 2023 00:00	1.38009	1.3844	1.36268	1.36994
Nov 13, 2023 00:00	1.3797	1.38315	1.37539	1.38008
Nov 10, 2023 00:00	1.38086	1.38546	1.37165	1.3797
Nov 09, 2023 00:00	1.37903	1.38164	1.3744	1.3807
Nov 08, 2023 00:00	1.37685	1.3815	1.3752	1.37902
Nov 07, 2023 00:00	1.36975	1.37824	1.3692	1.3767
Nov 06, 2023 00:00	1.366	1.3705	1.3627	1.3696
Nov 03, 2023 00:00	1.37469	1.37599	1.34155	1.3669
Nov 02, 2023 00:00	1.3834	1.38517	1.3734	1.37471
Nov 01, 2023 00:00	1.3877	1.38987	1.38321	1.38344
Oct 31, 2023 00:00	1.38293	1.3892	1.3811	1.38781
Oct 30, 2023 00:00	1.38633	1.38663	1.37573	1.383
Oct 27, 2023 00:00	1.38162	1.38806	1.3793	1.3879
Oct 26, 2023 00:00	1.38026	1.3846	1.3787	1.3815
Oct 25, 2023 00:00	1.37418	1.381	1.37111	1.38025
Oct 24, 2023 00:00	1.36886	1.37543	1.3659	1.3741
Oct 23, 2023 00:00	1.37052	1.37365	1.3665	1.36887
Oct 20, 2023 00:00	1.37159	1.3734	1.36662	1.3728
Oct 19, 2023 00:00	1.37124	1.37406	1.3677	1.37155
Oct 18, 2023 00:00	1.36528	1.3717	1.3615	1.37125
Oct 17, 2023 00:00	1.36149	1.3703	1.3607	1.36528
Oct 16, 2023 00:00	1.36432	1.36554	1.3604	1.3614
Oct 13, 2023 00:00	1.36845	1.36887	1.35875	1.3666
Oct 12, 2023 00:00	1.35958	1.37006	1.35697	1.36844
Oct 11, 2023 00:00	1.35838	1.36236	1.35436	1.35956
Oct 10, 2023 00:00	1.35802	1.3617	1.3567	1.35837
Oct 09, 2023 00:00	1.36619	1.36761	1.35665	1.3578
Oct 06, 2023 00:00	1.37057	1.37447	1.35363	1.368
Oct 05, 2023 00:00	1.37441	1.37856	1.36996	1.37056
Oct 04, 2023 00:00	1.37094	1.37795	1.36727	1.3743
Oct 03, 2023 00:00	1.36758	1.3736	1.3673	1.37092
Oct 02, 2023 00:00	1.35725	1.3685	1.3559	1.36758
Sep 29, 2023 00:00	1.34908	1.3588	1.34143	1.3588
Sep 28, 2023 00:00	1.34997	1.35163	1.33724	1.34907
Sep 27, 2023 00:00	1.35191	1.3543	1.3489	1.35002
Sep 26, 2023 00:00	1.34504	1.3528	1.3447	1.35195
Sep 25, 2023 00:00	1.34772	1.3492	1.3446	1.34503
Sep 22, 2023 00:00	1.34764	1.3504	1.33424	1.3489
Sep 21, 2023 00:00	1.34771	1.35236	1.343	1.34765
Sep 20, 2023 00:00	1.344	1.3478	1.3393	1.34773
Sep 19, 2023 00:00	1.34866	1.3488	1.33729	1.34428
Sep 18, 2023 00:00	1.3522	1.35278	1.347	1.34866
Sep 15, 2023 00:00	1.35157	1.35496	1.33245	1.3534
Sep 14, 2023 00:00	1.35524	1.35539	1.34872	1.35156
Sep 13, 2023 00:00	1.35526	1.35859	1.34994	1.35523
Sep 12, 2023 00:00	1.35795	1.35928	1.35321	1.35526
Sep 11, 2023 00:00	1.36283	1.36353	1.35431	1.35796
Sep 08, 2023 00:00	1.36826	1.36893	1.34861	1.3656
Sep 07, 2023 00:00	1.36391	1.36944	1.36122	1.36826
Sep 06, 2023 00:00	1.36395	1.36757	1.35932	1.3639
Sep 05, 2023 00:00	1.3599	1.36695	1.35809	1.3637
Sep 04, 2023 00:00	1.35907	1.3605	1.3575	1.35991
Sep 01, 2023 00:00	1.35103	1.3613	1.3488	1.3568
Aug 31, 2023 00:00	1.35346	1.3558	1.34991	1.35103
Aug 30, 2023 00:00	1.35585	1.35749	1.34888	1.35345
Aug 29, 2023 00:00	1.36004	1.36372	1.35374	1.35585
Aug 28, 2023 00:00	1.3594	1.36118	1.35479	1.36002
Aug 25, 2023 00:00	1.35863	1.36394	1.3567	1.3606
Aug 24, 2023 00:00	1.35235	1.35884	1.3508	1.35864
Aug 23, 2023 00:00	1.35495	1.3604	1.3518	1.35237
Aug 22, 2023 00:00	1.35461	1.35644	1.3511	1.35496
Aug 21, 2023 00:00	1.35416	1.3573	1.3493	1.3546
Aug 18, 2023 00:00	1.35452	1.35749	1.35198	1.3566
Aug 17, 2023 00:00	1.35366	1.35521	1.34921	1.35452
Aug 16, 2023 00:00	1.34902	1.35447	1.3473	1.35365
Aug 15, 2023 00:00	1.34589	1.35014	1.34388	1.34902
Aug 14, 2023 00:00	1.34399	1.348	1.34203	1.34588
Aug 11, 2023 00:00	1.34442	1.34945	1.32802	1.3437
Aug 10, 2023 00:00	1.34191	1.3458	1.3371	1.3444
Aug 09, 2023 00:00	1.34256	1.34541	1.3403	1.34191
Aug 08, 2023 00:00	1.33713	1.35021	1.3365	1.3425
Aug 07, 2023 00:00	1.33754	1.34	1.33038	1.3369
Aug 04, 2023 00:00	1.33505	1.33935	1.3222	1.3381
Aug 03, 2023 00:00	1.33434	1.33779	1.3327	1.33507
Aug 02, 2023 00:00	1.3269	1.33531	1.32683	1.33442
Aug 01, 2023 00:00	1.31929	1.33	1.3184	1.32683
Jul 31, 2023 00:00	1.32515	1.32611	1.3149	1.3193
Jul 28, 2023 00:00	1.32268	1.32528	1.21706	1.3248
Jul 27, 2023 00:00	1.32044	1.32431	1.3137	1.3225
Jul 26, 2023 00:00	1.31864	1.3238	1.317	1.32047
Jul 25, 2023 00:00	1.31746	1.32095	1.3145	1.31873
Jul 24, 2023 00:00	1.32251	1.32283	1.3148	1.31747
Jul 21, 2023 00:00	1.31737	1.3229	1.3152	1.3229
Jul 20, 2023 00:00	1.3163	1.31945	1.3117	1.31739
Jul 19, 2023 00:00	1.31662	1.3193	1.3154	1.31629
Jul 18, 2023 00:00	1.32012	1.32431	1.316	1.31663
Jul 17, 2023 00:00	1.32263	1.3232	1.31326	1.32013
Jul 14, 2023 00:00	1.31126	1.3231	1.309	1.3229
Jul 13, 2023 00:00	1.31831	1.31943	1.3095	1.31124
Jul 12, 2023 00:00	1.32277	1.32339	1.31113	1.3183
Jul 11, 2023 00:00	1.32734	1.329	1.3222	1.32287
Jul 10, 2023 00:00	1.32779	1.33041	1.3267	1.3273
Jul 07, 2023 00:00	1.33644	1.3387	1.32069	1.3295
Jul 06, 2023 00:00	1.32851	1.3383	1.3273	1.33647
Jul 05, 2023 00:00	1.32232	1.3288	1.3217	1.32849
Jul 04, 2023 00:00	1.32477	1.32563	1.32026	1.32232
Jul 03, 2023 00:00	1.32494	1.3274	1.3228	1.32476
Jun 30, 2023 00:00	1.3251	1.3284	1.30475	1.30768
Jun 29, 2023 00:00	1.32526	1.32853	1.3203	1.3251
Jun 28, 2023 00:00	1.31969	1.32762	1.3187	1.32527
Jun 27, 2023 00:00	1.31515	1.3199	1.3114	1.31967
Jun 26, 2023 00:00	1.3165	1.3177	1.3134	1.31506
Jun 23, 2023 00:00	1.31467	1.32258	1.3141	1.3212
Jun 22, 2023 00:00	1.31605	1.318	1.3137	1.31468
Jun 21, 2023 00:00	1.32247	1.32457	1.31502	1.31601
Jun 20, 2023 00:00	1.32098	1.327	1.3203	1.32247
Jun 19, 2023 00:00	1.3198	1.323	1.3177	1.321
Jun 16, 2023 00:00	1.32221	1.3239	1.31283	1.3223
Jun 15, 2023 00:00	1.3327	1.3355	1.31813	1.3222
Jun 14, 2023 00:00	1.33134	1.33526	1.32426	1.33272
Jun 13, 2023 00:00	1.33641	1.3378	1.3284	1.33142
Jun 12, 2023 00:00	1.33374	1.3384	1.3313	1.33632
Jun 09, 2023 00:00	1.33619	1.3402	1.32455	1.3401
Jun 08, 2023 00:00	1.33702	1.33876	1.33295	1.3361
Jun 07, 2023 00:00	1.33979	1.34266	1.33202	1.3371
Jun 06, 2023 00:00	1.34482	1.34522	1.3389	1.33981
Jun 05, 2023 00:00	1.34284	1.34617	1.3415	1.34483
Jun 02, 2023 00:00	1.34444	1.34509	1.33256	1.33266
Jun 01, 2023 00:00	1.35653	1.3585	1.34271	1.3443
May 31, 2023 00:00	1.3597	1.3652	1.35608	1.35654
May 30, 2023 00:00	1.3604	1.36133	1.3565	1.35996
May 29, 2023 00:00	1.36085	1.3613	1.356	1.36036
May 26, 2023 00:00	1.36435	1.36544	1.34146	1.34146
May 25, 2023 00:00	1.35893	1.3647	1.35822	1.36434
May 24, 2023 00:00	1.35003	1.36053	1.3493	1.3589
May 23, 2023 00:00	1.35029	1.35486	1.34675	1.34994
May 22, 2023 00:00	1.349	1.35186	1.34816	1.3503
May 19, 2023 00:00	1.34976	1.3524	1.33757	1.3493
May 18, 2023 00:00	1.34667	1.35244	1.34479	1.34977
May 17, 2023 00:00	1.34762	1.35356	1.3429	1.34667
May 16, 2023 00:00	1.3466	1.34936	1.33784	1.34771
May 15, 2023 00:00	1.35556	1.35674	1.34559	1.3466
May 12, 2023 00:00	1.34952	1.3656	1.33947	1.3654
May 11, 2023 00:00	1.33721	1.3497	1.3361	1.3495
May 10, 2023 00:00	1.33753	1.3415	1.3333	1.33721
May 09, 2023 00:00	1.33721	1.34064	1.3363	1.33751
May 08, 2023 00:00	1.33795	1.33872	1.33111	1.3372
May 05, 2023 00:00	1.35238	1.35293	1.33502	1.3474
May 04, 2023 00:00	1.36311	1.36321	1.3517	1.35237
May 03, 2023 00:00	1.36202	1.36392	1.35791	1.3631
May 02, 2023 00:00	1.35522	1.36376	1.3526	1.36201
May 01, 2023 00:00	1.35605	1.3583	1.34818	1.35521
Apr 28, 2023 00:00	1.35997	1.36678	1.23809	1.3651
Apr 27, 2023 00:00	1.36305	1.36452	1.35778	1.35997
Apr 26, 2023 00:00	1.36184	1.3651	1.3597	1.36307
Apr 25, 2023 00:00	1.35334	1.3648	1.3522	1.36184
Apr 24, 2023 00:00	1.35406	1.35674	1.35098	1.3531
Apr 21, 2023 00:00	1.3481	1.3676	1.34674	1.3675
Apr 20, 2023 00:00	1.34683	1.349	1.344	1.34808
Apr 19, 2023 00:00	1.33911	1.3471	1.3382	1.34682
Apr 18, 2023 00:00	1.33943	1.33993	1.3357	1.33909
Apr 17, 2023 00:00	1.33658	1.34202	1.334	1.3392
Apr 14, 2023 00:00	1.33402	1.3516	1.23576	1.3515
Apr 13, 2023 00:00	1.34399	1.3468	1.33302	1.334
Apr 12, 2023 00:00	1.34631	1.34891	1.34105	1.344
Apr 11, 2023 00:00	1.35035	1.3516	1.34521	1.34633
Apr 10, 2023 00:00	1.35028	1.35537	1.3482	1.35034
Apr 07, 2023 00:00	1.3495	1.3558	1.34354	1.3556
Apr 06, 2023 00:00	1.34543	1.35058	1.345	1.3495
Apr 05, 2023 00:00	1.34392	1.3486	1.34196	1.3452
Apr 04, 2023 00:00	1.34368	1.34673	1.34054	1.34382
Apr 03, 2023 00:00	1.35018	1.35362	1.34034	1.34369
Mar 31, 2023 00:00	1.35219	1.35643	1.344	1.3524
Mar 30, 2023 00:00	1.35665	1.35809	1.3513	1.35219
Mar 29, 2023 00:00	1.35931	1.36164	1.35398	1.35663
Mar 28, 2023 00:00	1.36552	1.36949	1.35813	1.35928
Mar 27, 2023 00:00	1.37271	1.37451	1.36426	1.3654
Mar 24, 2023 00:00	1.37169	1.3805	1.35356	1.38
Mar 23, 2023 00:00	1.37198	1.37333	1.3628	1.3717
Mar 22, 2023 00:00	1.37091	1.3745	1.36561	1.372
Mar 21, 2023 00:00	1.36722	1.37372	1.3642	1.37092
Mar 20, 2023 00:00	1.37113	1.37453	1.36482	1.36723
Mar 17, 2023 00:00	1.37199	1.37731	1.35578	1.3767
Mar 16, 2023 00:00	1.3766	1.37879	1.36893	1.37198
Mar 15, 2023 00:00	1.36889	1.38142	1.3658	1.37661
Mar 14, 2023 00:00	1.37396	1.37499	1.365	1.36891
Mar 13, 2023 00:00	1.37652	1.38017	1.3675	1.374
Mar 10, 2023 00:00	1.3831	1.38617	1.37054	1.3856
Mar 09, 2023 00:00	1.37994	1.3837	1.3751	1.383
Mar 08, 2023 00:00	1.37496	1.38147	1.37373	1.3799
Mar 07, 2023 00:00	1.3615	1.3761	1.3598	1.3748
Mar 06, 2023 00:00	1.36031	1.36286	1.358	1.36158
Mar 03, 2023 00:00	1.35973	1.36441	1.34913	1.3616
Mar 02, 2023 00:00	1.35897	1.3641	1.358	1.35972
Mar 01, 2023 00:00	1.36451	1.3659	1.35603	1.35898
Feb 28, 2023 00:00	1.35754	1.3648	1.35513	1.36452
Feb 27, 2023 00:00	1.35943	1.36241	1.35331	1.3573
Feb 24, 2023 00:00	1.35432	1.36654	1.35144	1.3633
Feb 23, 2023 00:00	1.35455	1.35811	1.35022	1.35432
Feb 22, 2023 00:00	1.3532	1.35679	1.34733	1.35454
Feb 21, 2023 00:00	1.34532	1.35491	1.34249	1.3533
Feb 20, 2023 00:00	1.3482	1.3495	1.34314	1.34531
Feb 17, 2023 00:00	1.34724	1.35371	1.33698	1.3472
Feb 16, 2023 00:00	1.33906	1.3479	1.3355	1.3473
Feb 15, 2023 00:00	1.33404	1.344	1.3338	1.33907
Feb 14, 2023 00:00	1.33347	1.33908	1.32737	1.33405
Feb 13, 2023 00:00	1.33757	1.3377	1.33126	1.33346
Feb 10, 2023 00:00	1.34489	1.3472	1.3283	1.3385
Feb 09, 2023 00:00	1.34453	1.34633	1.3371	1.34488
Feb 08, 2023 00:00	1.33907	1.34503	1.3358	1.3445
Feb 07, 2023 00:00	1.34417	1.34689	1.33432	1.33899
Feb 06, 2023 00:00	1.34029	1.34753	1.3394	1.34419
Feb 03, 2023 00:00	1.33202	1.34266	1.3316	1.3407
Feb 02, 2023 00:00	1.3333	1.33389	1.3295	1.3316
Feb 01, 2023 00:00	1.33082	1.33796	1.3261	1.3273
Jan 31, 2023 00:00	1.34127	1.34193	1.32945	1.3306
Jan 30, 2023 00:00	1.33391	1.3395	1.3314	1.3384
Jan 27, 2023 00:00	1.33183	1.3342	1.32049	1.3335
Jan 26, 2023 00:00	1.33232	1.33734	1.331	1.33161
Jan 25, 2023 00:00	1.33672	1.34279	1.3324	1.33798
Jan 24, 2023 00:00	1.33664	1.33793	1.33481	1.3371
Jan 23, 2023 00:00	1.33538	1.34176	1.3348	1.33702
Jan 20, 2023 00:00	1.34676	1.34974	1.3233	1.339
Jan 19, 2023 00:00	1.35093	1.35145	1.34088	1.34638
Jan 18, 2023 00:00	1.3356	1.35001	1.3353	1.34958
Jan 17, 2023 00:00	1.34001	1.3437	1.3368	1.339
Jan 16, 2023 00:00	1.3391	1.3416	1.3385	1.33979
Jan 13, 2023 00:00	1.33759	1.34396	1.3303	1.3398
Jan 12, 2023 00:00	1.34294	1.34587	1.33307	1.3376
Jan 11, 2023 00:00	1.34337	1.3445	1.3403	1.34293
Jan 10, 2023 00:00	1.33937	1.34453	1.3373	1.34336
Jan 09, 2023 00:00	1.34359	1.34439	1.3355	1.3392
Jan 06, 2023 00:00	1.35615	1.36643	1.33997	1.3446
Jan 05, 2023 00:00	1.34852	1.35954	1.34571	1.35625
Jan 04, 2023 00:00	1.36719	1.36741	1.34365	1.34851
Jan 03, 2023 00:00	1.35631	1.36849	1.3521	1.36718
Jan 02, 2023 00:00	1.35262	1.359	1.3316	1.35622