Jun 24, 2025 00:00	1.59228	1.5936	1.58745	1.59119
Jun 23, 2025 00:00	1.58011	1.59309	1.57914	1.59227
Jun 22, 2025 00:00	1.57505	1.58102	1.57387	1.5801
Jun 20, 2025 00:00	1.57646	1.58491	1.57588	1.58245
Jun 19, 2025 00:00	1.57098	1.5767	1.56986	1.5765
Jun 18, 2025 00:00	1.56893	1.5776	1.56749	1.57229
Jun 17, 2025 00:00	1.56803	1.57158	1.56449	1.5711
Jun 16, 2025 00:00	1.56708	1.5733	1.56679	1.56797
Jun 15, 2025 00:00	1.565	1.56804	1.565	1.56704
Jun 13, 2025 00:00	1.57821	1.57882	1.56697	1.56855
Jun 12, 2025 00:00	1.5728	1.58434	1.57102	1.57819
Jun 11, 2025 00:00	1.5632	1.57286	1.56	1.57275
Jun 10, 2025 00:00	1.56535	1.56669	1.56011	1.56318
Jun 09, 2025 00:00	1.56174	1.56545	1.5586	1.56534
Jun 08, 2025 00:00	1.55981	1.56249	1.55889	1.56172
Jun 06, 2025 00:00	1.56519	1.56541	1.55733	1.56081
Jun 05, 2025 00:00	1.5623	1.56815	1.55883	1.56529
Jun 04, 2025 00:00	1.56127	1.56406	1.55888	1.56231
Jun 03, 2025 00:00	1.57019	1.57076	1.55891	1.56129
Jun 02, 2025 00:00	1.55813	1.5704	1.55813	1.57012
Jun 01, 2025 00:00	1.55878	1.55971	1.55794	1.5581
May 30, 2025 00:00	1.5707	1.57224	1.55765	1.55811
May 29, 2025 00:00	1.55542	1.571	1.55494	1.5707
May 28, 2025 00:00	1.56558	1.56712	1.55354	1.55545
May 27, 2025 00:00	1.56428	1.56754	1.5593	1.56552
May 26, 2025 00:00	1.56234	1.56475	1.55963	1.56424
May 25, 2025 00:00	1.55866	1.56243	1.55839	1.56243
May 23, 2025 00:00	1.56349	1.57043	1.55831	1.55886
May 22, 2025 00:00	1.57049	1.57126	1.56086	1.5635
May 21, 2025 00:00	1.57003	1.57601	1.56669	1.57049
May 20, 2025 00:00	1.56784	1.57147	1.56383	1.56996
May 19, 2025 00:00	1.56104	1.57421	1.56057	1.5677
May 18, 2025 00:00	1.56015	1.56205	1.55944	1.56107
May 16, 2025 00:00	1.56191	1.56472	1.55751	1.55973
May 15, 2025 00:00	1.56265	1.56933	1.56005	1.56195
May 14, 2025 00:00	1.55845	1.56743	1.55714	1.56266
May 13, 2025 00:00	1.55041	1.56155	1.5503	1.55844
May 12, 2025 00:00	1.56375	1.56637	1.54828	1.55039
May 11, 2025 00:00	1.55556	1.56449	1.55501	1.56374
May 09, 2025 00:00	1.56305	1.57247	1.56082	1.56782
May 08, 2025 00:00	1.56373	1.57106	1.56113	1.56308
May 07, 2025 00:00	1.56157	1.5685	1.56042	1.56367
May 06, 2025 00:00	1.56349	1.5673	1.55968	1.56153
May 05, 2025 00:00	1.56498	1.56924	1.56064	1.56352
May 04, 2025 00:00	1.55828	1.56524	1.55799	1.56496
May 02, 2025 00:00	1.5642	1.56901	1.55953	1.56099
May 01, 2025 00:00	1.56144	1.56581	1.55757	1.5642
Apr 30, 2025 00:00	1.57443	1.57546	1.56034	1.56146
Apr 29, 2025 00:00	1.57823	1.58094	1.57286	1.57444
Apr 28, 2025 00:00	1.57454	1.58184	1.57207	1.57929
Apr 27, 2025 00:00	1.5745	1.57485	1.57208	1.57358
Apr 25, 2025 00:00	1.57561	1.57876	1.57006	1.57713
Apr 24, 2025 00:00	1.57166	1.57986	1.57082	1.57563
Apr 23, 2025 00:00	1.57181	1.57927	1.56895	1.57165
Apr 22, 2025 00:00	1.59269	1.59445	1.5666	1.57175
Apr 21, 2025 00:00	1.58272	1.59601	1.58268	1.59264
Apr 20, 2025 00:00	1.57704	1.58372	1.57544	1.58272
Apr 18, 2025 00:00	1.57353	1.57987	1.57225	1.57742
Apr 17, 2025 00:00	1.57922	1.58015	1.56944	1.57355
Apr 16, 2025 00:00	1.57591	1.5852	1.57576	1.57918
Apr 15, 2025 00:00	1.57573	1.57746	1.56724	1.57594
Apr 14, 2025 00:00	1.57361	1.58164	1.56933	1.5758
Apr 13, 2025 00:00	1.56743	1.57392	1.56703	1.57355
Apr 11, 2025 00:00	1.57062	1.59315	1.56798	1.57131
Apr 10, 2025 00:00	1.54405	1.57174	1.5416	1.57055
Apr 09, 2025 00:00	1.56488	1.57447	1.54041	1.54414
Apr 08, 2025 00:00	1.55405	1.56621	1.54301	1.56485
Apr 07, 2025 00:00	1.56409	1.57304	1.5498	1.55403
Apr 06, 2025 00:00	1.55264	1.56611	1.54904	1.56415
Apr 04, 2025 00:00	1.55537	1.57398	1.55252	1.55769
Apr 03, 2025 00:00	1.55	1.57284	1.54944	1.5554
Apr 02, 2025 00:00	1.54282	1.55835	1.53769	1.55
Apr 01, 2025 00:00	1.55662	1.55863	1.54209	1.54284
Mar 31, 2025 00:00	1.54875	1.55712	1.54873	1.55663
Mar 30, 2025 00:00	1.5479	1.5501	1.54605	1.54871
Mar 28, 2025 00:00	1.54519	1.55136	1.54132	1.54975
Mar 27, 2025 00:00	1.53528	1.54732	1.535	1.5452
Mar 26, 2025 00:00	1.53985	1.54108	1.53253	1.53533
Mar 25, 2025 00:00	1.54641	1.54812	1.5394	1.53981
Mar 24, 2025 00:00	1.55116	1.55544	1.54195	1.54641
Mar 21, 2025 00:00	1.55296	1.5569	1.54984	1.55162
Mar 20, 2025 00:00	1.56266	1.56384	1.55232	1.55461
Mar 19, 2025 00:00	1.56411	1.56542	1.55757	1.56264
Mar 18, 2025 00:00	1.56103	1.56713	1.55649	1.56409
Mar 17, 2025 00:00	1.56368	1.56615	1.55832	1.56104
Mar 16, 2025 00:00	1.56354	1.56414	1.56202	1.56368
Mar 14, 2025 00:00	1.56592	1.57385	1.56152	1.56251
Mar 13, 2025 00:00	1.56281	1.56966	1.55739	1.56589
Mar 12, 2025 00:00	1.57541	1.57802	1.56207	1.56282
Mar 11, 2025 00:00	1.56365	1.58572	1.56362	1.57543
Mar 10, 2025 00:00	1.56087	1.56649	1.5525	1.56369
Mar 09, 2025 00:00	1.55667	1.56155	1.55393	1.56087
Mar 07, 2025 00:00	1.54177	1.56529	1.5417	1.55899
Mar 06, 2025 00:00	1.54597	1.55672	1.53993	1.54176
Mar 05, 2025 00:00	1.5295	1.55388	1.52864	1.54766
Mar 04, 2025 00:00	1.5197	1.53742	1.51527	1.52951
Mar 03, 2025 00:00	1.5045	1.52306	1.50034	1.51975
Mar 02, 2025 00:00	1.50177	1.50177	1.50177	1.50177
Feb 28, 2025 00:00	1.50089	1.50432	1.49754	1.50042
Feb 27, 2025 00:00	1.5022	1.50643	1.49982	1.50146
Feb 26, 2025 00:00	1.50445	1.50948	1.50086	1.50361
Feb 25, 2025 00:00	1.49186	1.50547	1.49088	1.50446
Feb 24, 2025 00:00	1.48833	1.49369	1.48688	1.49352
Feb 23, 2025 00:00	1.48902	1.49021	1.48706	1.48834
Feb 21, 2025 00:00	1.48608	1.4896	1.48373	1.4883
Feb 20, 2025 00:00	1.4838	1.48881	1.48233	1.48836
Feb 19, 2025 00:00	1.48247	1.48436	1.48002	1.48376
Feb 18, 2025 00:00	1.48455	1.48789	1.48063	1.48251
Feb 17, 2025 00:00	1.48732	1.48849	1.48444	1.48724
Feb 16, 2025 00:00	1.48456	1.48823	1.48456	1.48734
Feb 14, 2025 00:00	1.48477	1.48912	1.48198	1.48682
Feb 13, 2025 00:00	1.48435	1.48979	1.47912	1.48473
Feb 12, 2025 00:00	1.48063	1.48732	1.47879	1.48586
Feb 11, 2025 00:00	1.47429	1.48228	1.47426	1.48055
Feb 10, 2025 00:00	1.47588	1.48148	1.47426	1.47696
Feb 09, 2025 00:00	1.47588	1.47998	1.47528	1.47761
Feb 07, 2025 00:00	1.48455	1.48822	1.47426	1.47604
Feb 06, 2025 00:00	1.48827	1.49111	1.48337	1.48582
Feb 05, 2025 00:00	1.48519	1.49059	1.48512	1.48907
Feb 04, 2025 00:00	1.49009	1.49445	1.48482	1.48708
Feb 03, 2025 00:00	1.50756	1.51217	1.48836	1.48939
Feb 02, 2025 00:00	1.50883	1.51187	1.50628	1.50758
Jan 31, 2025 00:00	1.50446	1.50905	1.49808	1.50611
Jan 30, 2025 00:00	1.50064	1.51706	1.49712	1.50677
Jan 29, 2025 00:00	1.50176	1.5061	1.4996	1.50062
Jan 28, 2025 00:00	1.50341	1.50423	1.499	1.50174
Jan 27, 2025 00:00	1.50367	1.5129	1.50317	1.50343
Jan 26, 2025 00:00	1.50367	1.50691	1.50361	1.50576
Jan 24, 2025 00:00	1.49744	1.50772	1.49658	1.50573
Jan 23, 2025 00:00	1.49556	1.5004	1.49356	1.49742
Jan 22, 2025 00:00	1.4922	1.49956	1.49109	1.4981
Jan 21, 2025 00:00	1.49038	1.50496	1.48994	1.49223
Jan 20, 2025 00:00	1.48531	1.49342	1.48531	1.49037
Jan 19, 2025 00:00	1.48326	1.48778	1.48326	1.48751
Jan 17, 2025 00:00	1.48286	1.4875	1.4803	1.4867
Jan 16, 2025 00:00	1.47383	1.48338	1.47301	1.4825
Jan 15, 2025 00:00	1.47905	1.48162	1.47284	1.47458
Jan 14, 2025 00:00	1.47426	1.48022	1.47256	1.47902
Jan 13, 2025 00:00	1.47648	1.47813	1.46837	1.47425
Jan 12, 2025 00:00	1.47527	1.47749	1.47527	1.47644
Jan 10, 2025 00:00	1.4828	1.4857	1.47449	1.47801
Jan 09, 2025 00:00	1.48251	1.48473	1.48024	1.48276
Jan 08, 2025 00:00	1.48553	1.48604	1.47916	1.4826
Jan 07, 2025 00:00	1.48894	1.49256	1.48428	1.4855
Jan 06, 2025 00:00	1.48781	1.49408	1.48324	1.489
Jan 05, 2025 00:00	1.48702	1.48875	1.48702	1.48782
Jan 03, 2025 00:00	1.47894	1.48948	1.47691	1.48889
Jan 02, 2025 00:00	1.48779	1.49367	1.47605	1.47895
Jan 01, 2025 00:00	1.488	1.48944	1.48741	1.48776
Dec 31, 2024 00:00	1.49316	1.49797	1.48814	1.48936
Dec 30, 2024 00:00	1.50193	1.50384	1.49111	1.49309
Dec 29, 2024 00:00	1.50249	1.5034	1.50177	1.5019
Dec 27, 2024 00:00	1.50164	1.50505	1.49859	1.50265
Dec 26, 2024 00:00	1.49244	1.50239	1.49216	1.50162
Dec 25, 2024 00:00	1.4942	1.4948	1.49052	1.49246
Dec 24, 2024 00:00	1.49386	1.49944	1.4912	1.49226
Dec 23, 2024 00:00	1.49809	1.50117	1.49377	1.49525
Dec 22, 2024 00:00	1.49791	1.50036	1.49718	1.49808
Dec 20, 2024 00:00	1.49269	1.49969	1.49107	1.49871
Dec 19, 2024 00:00	1.49669	1.50185	1.48758	1.49271
Dec 18, 2024 00:00	1.50171	1.50593	1.49299	1.49665
Dec 17, 2024 00:00	1.49694	1.50479	1.49647	1.50171
Dec 16, 2024 00:00	1.49504	1.49753	1.49305	1.49698
Dec 15, 2024 00:00	1.49129	1.49512	1.49128	1.49502
Dec 13, 2024 00:00	1.48881	1.49639	1.48763	1.49449
Dec 12, 2024 00:00	1.48654	1.49104	1.48506	1.48879
Dec 11, 2024 00:00	1.4852	1.4864	1.48401	1.48616
Dec 10, 2024 00:00	1.49597	1.49741	1.48733	1.49266
Dec 09, 2024 00:00	1.49478	1.49604	1.48987	1.49592
Dec 08, 2024 00:00	1.4931	1.49673	1.4931	1.49477
Dec 05, 2024 00:00	1.47915	1.48588	1.47865	1.48402
Dec 04, 2024 00:00	1.47815	1.48315	1.4737	1.47912
Dec 03, 2024 00:00	1.47629	1.48024	1.47517	1.47816
Dec 02, 2024 00:00	1.47752	1.47845	1.47224	1.47492
Dec 01, 2024 00:00	1.47709	1.47909	1.47651	1.47747
Nov 28, 2024 00:00	1.48125	1.48136	1.47495	1.47922
Nov 27, 2024 00:00	1.47432	1.4859	1.47316	1.48129
Nov 26, 2024 00:00	1.46573	1.48476	1.4657	1.47429
Nov 25, 2024 00:00	1.46059	1.47597	1.45981	1.47233
Nov 24, 2024 00:00	1.46136	1.46304	1.45919	1.46006
Nov 22, 2024 00:00	1.46247	1.4656	1.44852	1.4563
Nov 21, 2024 00:00	1.47297	1.47418	1.46109	1.46394
Nov 20, 2024 00:00	1.48019	1.48035	1.47179	1.47295
Nov 19, 2024 00:00	1.48554	1.4857	1.47664	1.48023
Nov 18, 2024 00:00	1.48408	1.48897	1.48312	1.48553
Nov 17, 2024 00:00	1.4829	1.48444	1.48283	1.48413
Nov 14, 2024 00:00	1.47821	1.48356	1.4711	1.48056
Nov 13, 2024 00:00	1.48046	1.48452	1.47609	1.47821
Nov 12, 2024 00:00	1.48432	1.48447	1.47788	1.48045
Nov 11, 2024 00:00	1.48665	1.4867	1.48147	1.48422
Nov 10, 2024 00:00	1.48914	1.49036	1.48914	1.49018
Nov 08, 2024 00:00	1.4971	1.49916	1.4878	1.4905
Nov 07, 2024 00:00	1.4947	1.50014	1.4911	1.49722
Nov 06, 2024 00:00	1.50505	1.50647	1.4857	1.49653
Nov 05, 2024 00:00	1.51189	1.51407	1.50854	1.51223
Nov 04, 2024 00:00	1.5136	1.51707	1.50837	1.51153
Nov 03, 2024 00:00	1.51433	1.51457	1.51332	1.51354
Nov 01, 2024 00:00	1.51666	1.51682	1.5094	1.5123
Oct 31, 2024 00:00	1.51021	1.51734	1.5084	1.51655
Oct 30, 2024 00:00	1.5053	1.51187	1.5048	1.51022
Oct 29, 2024 00:00	1.50238	1.50576	1.4967	1.50532
Oct 28, 2024 00:00	1.50027	1.50443	1.4981	1.5023
Oct 27, 2024 00:00	1.49868	1.50071	1.49856	1.50017
Oct 25, 2024 00:00	1.49948	1.50242	1.4974	1.49953
Oct 24, 2024 00:00	1.49143	1.50037	1.4882	1.49946
Oct 23, 2024 00:00	1.49177	1.49363	1.4887	1.49165
Oct 22, 2024 00:00	1.49633	1.49856	1.49072	1.49172
Oct 21, 2024 00:00	1.49972	1.50078	1.49492	1.49611
Oct 20, 2024 00:00	1.49794	1.50036	1.49794	1.49975
Oct 18, 2024 00:00	1.49396	1.50068	1.4933	1.4973
Oct 17, 2024 00:00	1.49371	1.49839	1.49008	1.49398
Oct 16, 2024 00:00	1.50036	1.50227	1.4923	1.49375
Oct 15, 2024 00:00	1.50567	1.50957	1.49961	1.49971
Oct 14, 2024 00:00	1.50476	1.508	1.5006	1.50563
Oct 13, 2024 00:00	1.50559	1.50581	1.50529	1.50546
Oct 11, 2024 00:00	1.50277	1.50817	1.5011	1.5047
Oct 10, 2024 00:00	1.49988	1.50587	1.4991	1.50294
Oct 09, 2024 00:00	1.49859	1.50044	1.49654	1.49989
Oct 08, 2024 00:00	1.49501	1.50005	1.4941	1.49852
Oct 07, 2024 00:00	1.49014	1.496	1.4664	1.49472
Oct 06, 2024 00:00	1.48772	1.4899	1.48772	1.48984
Oct 04, 2024 00:00	1.49486	1.49683	1.4869	1.4896
Oct 03, 2024 00:00	1.49186	1.49554	1.49006	1.49504
Oct 02, 2024 00:00	1.49308	1.49401	1.48738	1.49186
Oct 01, 2024 00:00	1.50625	1.50716	1.49167	1.49307
Sep 30, 2024 00:00	1.50883	1.51507	1.50383	1.50625
Sep 29, 2024 00:00	1.50755	1.50946	1.50755	1.50888
Sep 27, 2024 00:00	1.50618	1.50983	1.5002	1.5084
Sep 26, 2024 00:00	1.5005	1.50673	1.4987	1.5059
Sep 25, 2024 00:00	1.50176	1.50689	1.4987	1.50045
Sep 24, 2024 00:00	1.50321	1.50584	1.50028	1.50186
Sep 23, 2024 00:00	1.51374	1.51392	1.50037	1.50324
Sep 22, 2024 00:00	1.51199	1.51452	1.51199	1.51373
Sep 20, 2024 00:00	1.5131	1.51627	1.5119	1.5152
Sep 19, 2024 00:00	1.51231	1.5148	1.509	1.51348
Sep 18, 2024 00:00	1.51186	1.51595	1.50901	1.51257
Sep 17, 2024 00:00	1.51204	1.51581	1.50955	1.51182
Sep 16, 2024 00:00	1.50541	1.51319	1.50532	1.51204
Sep 15, 2024 00:00	1.50536	1.50628	1.50464	1.50544
Sep 13, 2024 00:00	1.50389	1.50739	1.50234	1.5041
Sep 12, 2024 00:00	1.49487	1.50403	1.4931	1.50379
Sep 11, 2024 00:00	1.49982	1.50252	1.49039	1.49489
Sep 10, 2024 00:00	1.49678	1.50095	1.4958	1.49978
Sep 09, 2024 00:00	1.50359	1.50381	1.4943	1.49667
Sep 08, 2024 00:00	1.50221	1.50464	1.50171	1.50364
Sep 06, 2024 00:00	1.49973	1.50558	1.49425	1.50429
Sep 05, 2024 00:00	1.49645	1.50273	1.4955	1.49981
Sep 04, 2024 00:00	1.49634	1.49926	1.49258	1.49664
Sep 03, 2024 00:00	1.4938	1.506	1.47576	1.49636
Sep 02, 2024 00:00	1.49001	1.4947	1.48968	1.49381
Aug 30, 2024 00:00	1.4946	1.49491	1.4882	1.4903
Aug 29, 2024 00:00	1.49915	1.49951	1.4901	1.49461
Aug 28, 2024 00:00	1.50294	1.50318	1.49514	1.49907
Aug 27, 2024 00:00	1.50512	1.50598	1.5011	1.5025
Aug 26, 2024 00:00	1.51143	1.51234	1.5034	1.50516
Aug 23, 2024 00:00	1.51218	1.51302	1.5068	1.5117
Aug 22, 2024 00:00	1.51523	1.51565	1.5096	1.51214
Aug 21, 2024 00:00	1.51517	1.51764	1.5094	1.51512
Aug 20, 2024 00:00	1.511	1.5205	1.5072	1.51522
Aug 19, 2024 00:00	1.5075	1.5124	1.5066	1.51109
Aug 16, 2024 00:00	1.50689	1.50987	1.5059	1.5079
Aug 15, 2024 00:00	1.5104	1.51072	1.5025	1.50689
Aug 14, 2024 00:00	1.507	1.51381	1.5061	1.5098
Aug 13, 2024 00:00	1.50264	1.5082	1.4987	1.5074
Aug 12, 2024 00:00	1.49883	1.50299	1.4973	1.50274
Aug 09, 2024 00:00	1.49918	1.50119	1.4978	1.49863
Aug 08, 2024 00:00	1.50259	1.50327	1.49422	1.49917
Aug 07, 2024 00:00	1.50623	1.50665	1.4989	1.5026
Aug 06, 2024 00:00	1.51178	1.51426	1.5027	1.50624
Aug 05, 2024 00:00	1.51462	1.52274	1.51071	1.51172
Aug 02, 2024 00:00	1.49721	1.51391	1.4951	1.5133
Aug 01, 2024 00:00	1.49433	1.4986	1.489	1.4972
Jul 31, 2024 00:00	1.49766	1.4996	1.4915	1.49433
Jul 30, 2024 00:00	1.49901	1.50025	1.49431	1.49767
Jul 29, 2024 00:00	1.50094	1.50216	1.4956	1.49906
Jul 26, 2024 00:00	1.49946	1.5038	1.4971	1.5017
Jul 25, 2024 00:00	1.49685	1.50246	1.4962	1.49947
Jul 24, 2024 00:00	1.4957	1.49977	1.4915	1.49677
Jul 23, 2024 00:00	1.49843	1.49953	1.4927	1.4957
Jul 22, 2024 00:00	1.49396	1.49865	1.4931	1.49839
Jul 19, 2024 00:00	1.4937	1.49669	1.47445	1.49373
Jul 18, 2024 00:00	1.49644	1.49678	1.4901	1.4932
Jul 17, 2024 00:00	1.49102	1.49747	1.4902	1.49646
Jul 16, 2024 00:00	1.49058	1.49229	1.488	1.49023
Jul 15, 2024 00:00	1.4856	1.4918	1.485	1.49056
Jul 12, 2024 00:00	1.48143	1.4884	1.4795	1.4884
Jul 11, 2024 00:00	1.47523	1.4838	1.4746	1.48148
Jul 10, 2024 00:00	1.47418	1.47615	1.4713	1.47529
Jul 09, 2024 00:00	1.47612	1.47695	1.4707	1.47419
Jul 08, 2024 00:00	1.47665	1.47867	1.4735	1.47617
Jul 05, 2024 00:00	1.47177	1.4788	1.47089	1.4784
Jul 04, 2024 00:00	1.47117	1.47221	1.469	1.47181
Jul 03, 2024 00:00	1.47	1.47352	1.46831	1.47106
Jul 02, 2024 00:00	1.47489	1.47631	1.4678	1.47001
Jul 01, 2024 00:00	1.46791	1.4756	1.4674	1.47495
Jun 28, 2024 00:00	1.46691	1.46808	1.4626	1.4654
Jun 27, 2024 00:00	1.46345	1.46814	1.4614	1.46689
Jun 26, 2024 00:00	1.46294	1.46419	1.4597	1.46359
Jun 25, 2024 00:00	1.46575	1.46595	1.45864	1.463
Jun 24, 2024 00:00	1.46422	1.46956	1.4635	1.46578
Jun 21, 2024 00:00	1.46506	1.46641	1.461	1.46385
Jun 20, 2024 00:00	1.47296	1.47382	1.464	1.46505
Jun 19, 2024 00:00	1.47298	1.47427	1.4712	1.473
Jun 18, 2024 00:00	1.47282	1.47543	1.4715	1.47298
Jun 17, 2024 00:00	1.46995	1.475	1.4688	1.47281
Jun 14, 2024 00:00	1.47574	1.47649	1.4664	1.4694
Jun 13, 2024 00:00	1.48358	1.48619	1.47287	1.47572
Jun 12, 2024 00:00	1.47723	1.48588	1.4758	1.48364
Jun 11, 2024 00:00	1.48104	1.48257	1.4758	1.47724
Jun 10, 2024 00:00	1.48303	1.48372	1.4777	1.48103
Jun 07, 2024 00:00	1.48868	1.49082	1.484	1.4869
Jun 06, 2024 00:00	1.48856	1.49239	1.48649	1.48868
Jun 05, 2024 00:00	1.48816	1.49284	1.4852	1.48861
Jun 04, 2024 00:00	1.48648	1.48963	1.4849	1.4882
Jun 03, 2024 00:00	1.47801	1.48715	1.4765	1.48647
May 31, 2024 00:00	1.48207	1.48388	1.47472	1.47627
May 30, 2024 00:00	1.48149	1.48407	1.4792	1.48207
May 29, 2024 00:00	1.48084	1.48466	1.4787	1.48158
May 28, 2024 00:00	1.4802	1.48348	1.4795	1.48083
May 27, 2024 00:00	1.48269	1.48377	1.47745	1.48019
May 24, 2024 00:00	1.48474	1.48822	1.4806	1.48209
May 23, 2024 00:00	1.48191	1.4855	1.4787	1.48471
May 22, 2024 00:00	1.48053	1.48298	1.4786	1.48189
May 21, 2024 00:00	1.47954	1.48343	1.47752	1.48055
May 20, 2024 00:00	1.47957	1.48121	1.477	1.47953
May 17, 2024 00:00	1.47963	1.48097	1.4766	1.4785
May 16, 2024 00:00	1.48054	1.4828	1.47667	1.47959
May 15, 2024 00:00	1.47642	1.48148	1.4748	1.48052
May 14, 2024 00:00	1.47483	1.4786	1.4735	1.47646
May 13, 2024 00:00	1.47307	1.47733	1.4725	1.47481
May 10, 2024 00:00	1.47468	1.47576	1.46876	1.4721
May 09, 2024 00:00	1.47527	1.47623	1.4715	1.47466
May 08, 2024 00:00	1.4763	1.4787	1.47343	1.47527
May 07, 2024 00:00	1.47178	1.47745	1.4699	1.47628
May 06, 2024 00:00	1.47295	1.47406	1.4684	1.4712
May 03, 2024 00:00	1.46633	1.47457	1.4654	1.47252
May 02, 2024 00:00	1.47047	1.471	1.4638	1.46625
May 01, 2024 00:00	1.46942	1.47272	1.4671	1.4712
Apr 30, 2024 00:00	1.46436	1.47282	1.4631	1.46947
Apr 29, 2024 00:00	1.4621	1.4669	1.46	1.46437
Apr 26, 2024 00:00	1.46514	1.46652	1.45963	1.4608
Apr 25, 2024 00:00	1.46627	1.46913	1.4638	1.46516
Apr 24, 2024 00:00	1.46209	1.4672	1.46025	1.46628
Apr 23, 2024 00:00	1.45954	1.46434	1.4575	1.46208
Apr 22, 2024 00:00	1.46426	1.46458	1.4578	1.45953
Apr 19, 2024 00:00	1.46552	1.46805	1.4631	1.4649
Apr 18, 2024 00:00	1.46914	1.46972	1.4645	1.46549
Apr 17, 2024 00:00	1.46766	1.4711	1.4664	1.46913
Apr 16, 2024 00:00	1.46469	1.47292	1.4632	1.4677
Apr 15, 2024 00:00	1.46472	1.46651	1.4606	1.46477
Apr 12, 2024 00:00	1.46803	1.46858	1.4612	1.4649
Apr 11, 2024 00:00	1.47026	1.47073	1.4662	1.46802
Apr 10, 2024 00:00	1.47383	1.47389	1.4667	1.47025
Apr 09, 2024 00:00	1.47402	1.4764	1.47242	1.47384
Apr 08, 2024 00:00	1.47327	1.47507	1.4705	1.47401
Apr 05, 2024 00:00	1.4676	1.47421	1.4668	1.4723
Apr 04, 2024 00:00	1.4657	1.46941	1.46163	1.46759
Apr 03, 2024 00:00	1.46061	1.46636	1.4601	1.46571
Apr 02, 2024 00:00	1.45751	1.46248	1.4541	1.46059
Apr 01, 2024 00:00	1.4588	1.46266	1.4565	1.45743
Mar 29, 2024 00:00	1.4603	1.46332	1.4573	1.4576
Mar 28, 2024 00:00	1.46884	1.46987	1.45873	1.46047
Mar 27, 2024 00:00	1.47111	1.4735	1.4675	1.46887
Mar 26, 2024 00:00	1.4722	1.47386	1.4687	1.47112
Mar 25, 2024 00:00	1.47102	1.47279	1.469	1.47224
Mar 22, 2024 00:00	1.46938	1.47202	1.46583	1.4694
Mar 21, 2024 00:00	1.47357	1.47459	1.468	1.46932
Mar 20, 2024 00:00	1.47439	1.47647	1.471	1.4735
Mar 19, 2024 00:00	1.47168	1.4779	1.4706	1.4744
Mar 18, 2024 00:00	1.47432	1.47681	1.47007	1.4717
Mar 15, 2024 00:00	1.47313	1.47507	1.4706	1.4727
Mar 14, 2024 00:00	1.47479	1.47495	1.471	1.47315
Mar 13, 2024 00:00	1.47433	1.47631	1.4721	1.47481
Mar 12, 2024 00:00	1.47314	1.47488	1.4713	1.47432
Mar 11, 2024 00:00	1.47512	1.47657	1.4716	1.47311
Mar 08, 2024 00:00	1.47317	1.47612	1.46582	1.4744
Mar 07, 2024 00:00	1.4722	1.4772	1.4654	1.4732
Mar 06, 2024 00:00	1.47523	1.47796	1.47136	1.47259
Mar 05, 2024 00:00	1.47345	1.47622	1.4715	1.47522
Mar 04, 2024 00:00	1.46919	1.47469	1.4687	1.47344
Mar 01, 2024 00:00	1.46609	1.4709	1.4655	1.4694
Feb 29, 2024 00:00	1.47152	1.47483	1.46375	1.46608
Feb 28, 2024 00:00	1.46696	1.47193	1.4657	1.47151
Feb 27, 2024 00:00	1.46491	1.46897	1.4625	1.4669
Feb 26, 2024 00:00	1.46165	1.4678	1.461	1.46493
Feb 23, 2024 00:00	1.45951	1.4639	1.45619	1.4635
Feb 22, 2024 00:00	1.46008	1.46411	1.4572	1.45952
Feb 21, 2024 00:00	1.46186	1.4624	1.45861	1.46015
Feb 20, 2024 00:00	1.45453	1.46477	1.453	1.46185
Feb 19, 2024 00:00	1.45339	1.45465	1.44778	1.45454
Feb 16, 2024 00:00	1.45063	1.45409	1.4487	1.45239
Feb 15, 2024 00:00	1.45281	1.45615	1.4494	1.45062
Feb 14, 2024 00:00	1.45257	1.45493	1.4473	1.4529
Feb 13, 2024 00:00	1.44937	1.4553	1.4465	1.45256
Feb 12, 2024 00:00	1.45313	1.45343	1.4467	1.4488
Feb 09, 2024 00:00	1.45064	1.45347	1.44578	1.451
Feb 08, 2024 00:00	1.4502	1.45198	1.4477	1.45061
Feb 07, 2024 00:00	1.45101	1.45246	1.4479	1.45061
Feb 06, 2024 00:00	1.45468	1.45487	1.44663	1.45102
Feb 05, 2024 00:00	1.45202	1.4554	1.449	1.45469
Feb 02, 2024 00:00	1.45539	1.4571	1.44849	1.4521
Feb 01, 2024 00:00	1.45107	1.45585	1.4502	1.45543
Jan 31, 2024 00:00	1.45306	1.45732	1.44949	1.45113
Jan 30, 2024 00:00	1.45294	1.45699	1.4493	1.45308
Jan 29, 2024 00:00	1.45887	1.45948	1.4516	1.45294
Jan 26, 2024 00:00	1.46194	1.46299	1.45249	1.45249
Jan 25, 2024 00:00	1.47165	1.47357	1.4588	1.4615
Jan 24, 2024 00:00	1.46091	1.47235	1.4603	1.4717
Jan 23, 2024 00:00	1.46603	1.46933	1.4579	1.4609
Jan 22, 2024 00:00	1.46289	1.46735	1.4601	1.46601
Jan 19, 2024 00:00	1.46714	1.46868	1.4625	1.4633
Jan 18, 2024 00:00	1.46969	1.47092	1.4647	1.46717
Jan 17, 2024 00:00	1.4674	1.47166	1.4657	1.46968
Jan 16, 2024 00:00	1.47044	1.47269	1.463	1.46742
Jan 15, 2024 00:00	1.46734	1.4725	1.4666	1.47051
Jan 12, 2024 00:00	1.4688	1.46945	1.4621	1.4676
Jan 11, 2024 00:00	1.46828	1.47194	1.465	1.46926
Jan 10, 2024 00:00	1.46365	1.46829	1.4619	1.46818
Jan 09, 2024 00:00	1.46184	1.46775	1.46	1.46366
Jan 08, 2024 00:00	1.46173	1.46891	1.46043	1.4618
Jan 05, 2024 00:00	1.46197	1.46449	1.4564	1.4633
Jan 04, 2024 00:00	1.45837	1.46441	1.4554	1.46194
Jan 03, 2024 00:00	1.45756	1.46119	1.4549	1.45816
Jan 02, 2024 00:00	1.46169	1.46235	1.4545	1.45756
Jan 01, 2024 00:00	1.4621	1.4634	1.4547	1.46167
Dec 29, 2023 00:00	1.4641	1.46903	1.42079	1.4614
Dec 28, 2023 00:00	1.4663	1.4718	1.4603	1.46409
Dec 27, 2023 00:00	1.45716	1.46861	1.4548	1.46661
Dec 26, 2023 00:00	1.46014	1.46234	1.4545	1.45677
Dec 25, 2023 00:00	1.45835	1.4632	1.43654	1.46015
Dec 22, 2023 00:00	1.46195	1.46489	1.4314	1.4615
Dec 21, 2023 00:00	1.46195	1.46696	1.4586	1.46194
Dec 20, 2023 00:00	1.46444	1.46458	1.458	1.46193
Dec 19, 2023 00:00	1.46348	1.4683	1.4614	1.46445
Dec 18, 2023 00:00	1.45791	1.46443	1.45689	1.46342
Dec 15, 2023 00:00	1.47363	1.4737	1.4559	1.4571
Dec 14, 2023 00:00	1.47016	1.47644	1.4648	1.4735
Dec 13, 2023 00:00	1.46696	1.47147	1.4624	1.47013
Dec 12, 2023 00:00	1.46168	1.46926	1.4587	1.46692
Dec 11, 2023 00:00	1.46201	1.46532	1.4561	1.46173
Dec 08, 2023 00:00	1.46699	1.46736	1.4579	1.4616
Dec 07, 2023 00:00	1.46326	1.47011	1.4622	1.46681
Dec 06, 2023 00:00	1.46697	1.46707	1.4609	1.46325
Dec 05, 2023 00:00	1.46729	1.47182	1.463	1.46696
Dec 04, 2023 00:00	1.46838	1.47354	1.4621	1.4673
Dec 01, 2023 00:00	1.47647	1.478	1.45688	1.4684
Nov 30, 2023 00:00	1.49148	1.4924	1.47436	1.47646
Nov 29, 2023 00:00	1.49277	1.49287	1.48805	1.49142
Nov 28, 2023 00:00	1.49087	1.49459	1.4863	1.49275
Nov 27, 2023 00:00	1.49115	1.49562	1.4882	1.4905
Nov 24, 2023 00:00	1.49334	1.4955	1.4863	1.4937
Nov 23, 2023 00:00	1.49075	1.49503	1.489	1.49335
Nov 22, 2023 00:00	1.49553	1.49857	1.48885	1.49077
Nov 21, 2023 00:00	1.50224	1.50444	1.4927	1.49565
Nov 20, 2023 00:00	1.49627	1.50389	1.4947	1.5017
Nov 17, 2023 00:00	1.49248	1.4994	1.48714	1.4965
Nov 16, 2023 00:00	1.48514	1.49791	1.4833	1.49249
Nov 15, 2023 00:00	1.49018	1.49024	1.4805	1.48513
Nov 14, 2023 00:00	1.47683	1.49113	1.4756	1.4897
Nov 13, 2023 00:00	1.47493	1.47723	1.4735	1.47678
Nov 10, 2023 00:00	1.47298	1.47836	1.47028	1.474
Nov 09, 2023 00:00	1.4771	1.47742	1.4716	1.47293
Nov 08, 2023 00:00	1.47263	1.479	1.4688	1.47709
Nov 07, 2023 00:00	1.4681	1.4731	1.466	1.4726
Nov 06, 2023 00:00	1.46595	1.46988	1.464	1.4677
Nov 03, 2023 00:00	1.45929	1.46913	1.4585	1.4667
Nov 02, 2023 00:00	1.4645	1.4719	1.45799	1.45928
Nov 01, 2023 00:00	1.46801	1.46812	1.45881	1.46451
Oct 31, 2023 00:00	1.46786	1.4747	1.4638	1.46796
Oct 30, 2023 00:00	1.46421	1.47107	1.4611	1.46784
Oct 27, 2023 00:00	1.45947	1.46945	1.4552	1.4651
Oct 26, 2023 00:00	1.45834	1.46114	1.4534	1.45954
Oct 25, 2023 00:00	1.45594	1.46033	1.4534	1.45837
Oct 24, 2023 00:00	1.46051	1.46155	1.4526	1.45592
Oct 23, 2023 00:00	1.45124	1.46095	1.4494	1.4605
Oct 20, 2023 00:00	1.4519	1.45296	1.446	1.4525
Oct 19, 2023 00:00	1.44495	1.45296	1.4443	1.45195
Oct 18, 2023 00:00	1.44345	1.4453	1.4384	1.44497
Oct 17, 2023 00:00	1.43695	1.44497	1.4347	1.44346
Oct 16, 2023 00:00	1.4355	1.43852	1.4331	1.43694
Oct 13, 2023 00:00	1.44166	1.44398	1.4326	1.4346
Oct 12, 2023 00:00	1.44426	1.4448	1.4373	1.44165
Oct 11, 2023 00:00	1.44043	1.44544	1.4396	1.44431
Oct 10, 2023 00:00	1.43647	1.44256	1.4338	1.44039
Oct 09, 2023 00:00	1.44354	1.44374	1.43352	1.43646
Oct 06, 2023 00:00	1.44548	1.44973	1.4375	1.446
Oct 05, 2023 00:00	1.44381	1.44898	1.4423	1.44554
Oct 04, 2023 00:00	1.43514	1.44677	1.4332	1.44379
Oct 03, 2023 00:00	1.43314	1.4396	1.4317	1.43513
Oct 02, 2023 00:00	1.43387	1.43741	1.42965	1.43319
Sep 29, 2023 00:00	1.42488	1.43622	1.4215	1.4348
Sep 28, 2023 00:00	1.41812	1.42666	1.4153	1.42491
Sep 27, 2023 00:00	1.42869	1.42972	1.4169	1.41822
Sep 26, 2023 00:00	1.42452	1.4326	1.4234	1.42872
Sep 25, 2023 00:00	1.43504	1.43623	1.424	1.42456
Sep 22, 2023 00:00	1.43671	1.4373	1.4281	1.4358
Sep 21, 2023 00:00	1.43528	1.43988	1.4323	1.43663
Sep 20, 2023 00:00	1.43579	1.43955	1.4331	1.43524
Sep 19, 2023 00:00	1.44193	1.44206	1.4299	1.43585
Sep 18, 2023 00:00	1.44253	1.44305	1.4364	1.44196
Sep 15, 2023 00:00	1.4374	1.44592	1.43053	1.4407
Sep 14, 2023 00:00	1.45454	1.45501	1.43395	1.43738
Sep 13, 2023 00:00	1.45728	1.45932	1.4516	1.45447
Sep 12, 2023 00:00	1.45945	1.462	1.4508	1.45731
Sep 11, 2023 00:00	1.46044	1.46151	1.4552	1.45941
Sep 08, 2023 00:00	1.46369	1.46612	1.4563	1.4592
Sep 07, 2023 00:00	1.46256	1.46629	1.45764	1.46367
Sep 06, 2023 00:00	1.46276	1.46748	1.45925	1.46253
Sep 05, 2023 00:00	1.46746	1.47027	1.458	1.46273
Sep 04, 2023 00:00	1.46469	1.46945	1.4641	1.46749
Sep 01, 2023 00:00	1.46477	1.47326	1.4628	1.4642
Aug 31, 2023 00:00	1.47917	1.47987	1.463	1.4643
Aug 30, 2023 00:00	1.47368	1.48238	1.4714	1.47916
Aug 29, 2023 00:00	1.47232	1.47663	1.4689	1.47367
Aug 28, 2023 00:00	1.46781	1.47267	1.466	1.47229
Aug 25, 2023 00:00	1.46709	1.47186	1.4624	1.4681
Aug 24, 2023 00:00	1.46942	1.47205	1.4656	1.46716
Aug 23, 2023 00:00	1.46968	1.47357	1.4649	1.46939
Aug 22, 2023 00:00	1.47614	1.47844	1.46786	1.46965
Aug 21, 2023 00:00	1.47262	1.47842	1.4707	1.47614
Aug 18, 2023 00:00	1.47294	1.47587	1.46674	1.4723
Aug 17, 2023 00:00	1.472	1.47424	1.35552	1.47295
Aug 16, 2023 00:00	1.47095	1.47605	1.46355	1.47201
Aug 15, 2023 00:00	1.468	1.47604	1.4664	1.47092
Aug 14, 2023 00:00	1.47075	1.47397	1.4652	1.46803
Aug 11, 2023 00:00	1.47632	1.48014	1.4694	1.4705
Aug 10, 2023 00:00	1.47301	1.4797	1.4714	1.47635
Aug 09, 2023 00:00	1.47131	1.47695	1.4705	1.47296
Aug 08, 2023 00:00	1.47121	1.47709	1.46818	1.47132
Aug 07, 2023 00:00	1.47154	1.47249	1.4669	1.47121
Aug 04, 2023 00:00	1.46205	1.47454	1.4606	1.4725
Aug 03, 2023 00:00	1.46027	1.46311	1.4574	1.46197
Aug 02, 2023 00:00	1.46053	1.46295	1.4548	1.4602
Aug 01, 2023 00:00	1.45089	1.46222	1.4493	1.46061
Jul 31, 2023 00:00	1.4608	1.46136	1.44693	1.45076
Jul 28, 2023 00:00	1.45206	1.46184	1.4481	1.4587
Jul 27, 2023 00:00	1.46274	1.47018	1.4486	1.45205
Jul 26, 2023 00:00	1.45709	1.46567	1.4557	1.46277
Jul 25, 2023 00:00	1.45745	1.4594	1.42845	1.45717
Jul 24, 2023 00:00	1.4712	1.4718	1.4539	1.45751
Jul 21, 2023 00:00	1.46681	1.47139	1.463	1.4706
Jul 20, 2023 00:00	1.47488	1.47602	1.46426	1.46684
Jul 19, 2023 00:00	1.47831	1.4805	1.4722	1.47486
Jul 18, 2023 00:00	1.48344	1.48811	1.4773	1.47832
Jul 17, 2023 00:00	1.48493	1.48725	1.4771	1.48341
Jul 14, 2023 00:00	1.47163	1.48562	1.4695	1.48177
Jul 13, 2023 00:00	1.46859	1.47284	1.4649	1.47163
Jul 12, 2023 00:00	1.45683	1.46957	1.4551	1.46862
Jul 11, 2023 00:00	1.46071	1.46205	1.45511	1.45693
Jul 10, 2023 00:00	1.45615	1.46094	1.4535	1.4608
Jul 07, 2023 00:00	1.45531	1.4584	1.4507	1.4563
Jul 06, 2023 00:00	1.44205	1.4563	1.4403	1.45529
Jul 05, 2023 00:00	1.43901	1.44758	1.4379	1.44206
Jul 04, 2023 00:00	1.44568	1.44635	1.43682	1.43911
Jul 03, 2023 00:00	1.44518	1.447	1.4417	1.44564
Jun 30, 2023 00:00	1.44005	1.4471	1.42613	1.43143
Jun 29, 2023 00:00	1.44641	1.45034	1.43759	1.44004
Jun 28, 2023 00:00	1.44599	1.45175	1.4438	1.44642
Jun 27, 2023 00:00	1.4347	1.44628	1.4323	1.44599
Jun 26, 2023 00:00	1.43577	1.43797	1.432	1.43475
Jun 23, 2023 00:00	1.44025	1.44243	1.43139	1.4356
Jun 22, 2023 00:00	1.44642	1.44872	1.4394	1.44025
Jun 21, 2023 00:00	1.44405	1.44669	1.4412	1.44643
Jun 20, 2023 00:00	1.44298	1.44773	1.4413	1.44407
Jun 19, 2023 00:00	1.4433	1.44677	1.4393	1.44299
Jun 16, 2023 00:00	1.44725	1.45023	1.43812	1.4436
Jun 15, 2023 00:00	1.445	1.45	1.4405	1.44724
Jun 14, 2023 00:00	1.43643	1.44501	1.4334	1.4449
Jun 13, 2023 00:00	1.43816	1.44379	1.4341	1.43651
Jun 12, 2023 00:00	1.43374	1.43931	1.4321	1.43823
Jun 09, 2023 00:00	1.44066	1.44142	1.4276	1.4334
Jun 08, 2023 00:00	1.43154	1.4429	1.4279	1.44063
Jun 07, 2023 00:00	1.43334	1.43822	1.42834	1.4311
Jun 06, 2023 00:00	1.44046	1.44065	1.4314	1.43335
Jun 05, 2023 00:00	1.43635	1.44251	1.4337	1.44047
Jun 02, 2023 00:00	1.44659	1.44756	1.43585	1.4372
Jun 01, 2023 00:00	1.4505	1.454	1.444	1.4463
May 31, 2023 00:00	1.45941	1.46116	1.4459	1.45068
May 30, 2023 00:00	1.45642	1.4614	1.4511	1.45942
May 29, 2023 00:00	1.45901	1.46036	1.45273	1.45647
May 26, 2023 00:00	1.46303	1.46478	1.4586	1.4599
May 25, 2023 00:00	1.46149	1.46361	1.4564	1.46303
May 24, 2023 00:00	1.45376	1.46377	1.4532	1.46149
May 23, 2023 00:00	1.45969	1.46179	1.4518	1.4534
May 22, 2023 00:00	1.46014	1.46268	1.45707	1.4597
May 19, 2023 00:00	1.45439	1.46297	1.45134	1.4588
May 18, 2023 00:00	1.45946	1.46055	1.4508	1.45439
May 17, 2023 00:00	1.4643	1.46613	1.45519	1.45947
May 16, 2023 00:00	1.46417	1.46754	1.4582	1.4643
May 15, 2023 00:00	1.47115	1.47252	1.463	1.46416
May 12, 2023 00:00	1.47249	1.47488	1.4669	1.4704
May 11, 2023 00:00	1.46856	1.47384	1.4626	1.4725
May 10, 2023 00:00	1.4662	1.47056	1.46304	1.46853
May 09, 2023 00:00	1.47039	1.47173	1.46485	1.46645
May 08, 2023 00:00	1.47413	1.47659	1.4691	1.47042
May 05, 2023 00:00	1.49052	1.49234	1.4698	1.4738
May 04, 2023 00:00	1.50862	1.50988	1.4887	1.49052
May 03, 2023 00:00	1.49953	1.50947	1.4991	1.50872
May 02, 2023 00:00	1.48643	1.50024	1.4858	1.49964
May 01, 2023 00:00	1.49307	1.49642	1.48233	1.48641
Apr 28, 2023 00:00	1.50023	1.50312	1.46577	1.4928
Apr 27, 2023 00:00	1.50551	1.50735	1.49687	1.50021
Apr 26, 2023 00:00	1.49497	1.51123	1.4939	1.50539
Apr 25, 2023 00:00	1.49638	1.49926	1.49268	1.49501
Apr 24, 2023 00:00	1.48826	1.49678	1.486	1.496
Apr 21, 2023 00:00	1.47854	1.48835	1.4775	1.4872
Apr 20, 2023 00:00	1.47504	1.47997	1.4736	1.47853
Apr 19, 2023 00:00	1.46965	1.4751	1.4671	1.47494
Apr 18, 2023 00:00	1.4627	1.46999	1.4621	1.46958
Apr 17, 2023 00:00	1.46813	1.4689	1.46108	1.46323
Apr 14, 2023 00:00	1.4743	1.47544	1.46717	1.4689
Apr 13, 2023 00:00	1.47787	1.4805	1.4723	1.47426
Apr 12, 2023 00:00	1.46951	1.47906	1.46759	1.47793
Apr 11, 2023 00:00	1.46764	1.47531	1.4671	1.46967
Apr 10, 2023 00:00	1.47355	1.47383	1.465	1.46762
Apr 07, 2023 00:00	1.47359	1.47527	1.4709	1.4731
Apr 06, 2023 00:00	1.46684	1.47385	1.4661	1.47361
Apr 05, 2023 00:00	1.47235	1.47679	1.46541	1.46686
Apr 04, 2023 00:00	1.46544	1.4753	1.4618	1.47256
Apr 03, 2023 00:00	1.45851	1.46576	1.458	1.46547
Mar 31, 2023 00:00	1.47447	1.47708	1.46111	1.4651
Mar 30, 2023 00:00	1.47077	1.47867	1.4665	1.47444
Mar 29, 2023 00:00	1.47326	1.4763	1.4688	1.47075
Mar 28, 2023 00:00	1.47555	1.48121	1.4727	1.47336
Mar 27, 2023 00:00	1.4794	1.47943	1.473	1.4752
Mar 24, 2023 00:00	1.48612	1.48687	1.4762	1.4785
Mar 23, 2023 00:00	1.4907	1.49384	1.4836	1.48614
Mar 22, 2023 00:00	1.4768	1.4914	1.4734	1.49107
Mar 21, 2023 00:00	1.46535	1.47974	1.4633	1.47679
Mar 20, 2023 00:00	1.4644	1.46809	1.4597	1.46544
Mar 17, 2023 00:00	1.45608	1.4666	1.4552	1.4663
Mar 16, 2023 00:00	1.45654	1.46172	1.4514	1.45606
Mar 15, 2023 00:00	1.46836	1.47104	1.4487	1.45677
Mar 14, 2023 00:00	1.47342	1.47349	1.4611	1.46835
Mar 13, 2023 00:00	1.47043	1.47593	1.46461	1.47319
Mar 10, 2023 00:00	1.46407	1.47602	1.46191	1.47
Mar 09, 2023 00:00	1.45567	1.46421	1.4538	1.46415
Mar 08, 2023 00:00	1.45032	1.457	1.448	1.45563
Mar 07, 2023 00:00	1.45484	1.45593	1.44824	1.45031
Mar 06, 2023 00:00	1.44539	1.45545	1.4448	1.45489
Mar 03, 2023 00:00	1.44107	1.4492	1.4377	1.4464
Mar 02, 2023 00:00	1.44982	1.45095	1.43937	1.44111
Mar 01, 2023 00:00	1.44318	1.45509	1.4416	1.44983
Feb 28, 2023 00:00	1.44022	1.44832	1.4369	1.4429
Feb 27, 2023 00:00	1.43467	1.44082	1.4323	1.4402
Feb 24, 2023 00:00	1.43522	1.44092	1.42874	1.4345
Feb 23, 2023 00:00	1.43653	1.43737	1.4326	1.4352
Feb 22, 2023 00:00	1.44141	1.44431	1.4355	1.43651
Feb 21, 2023 00:00	1.43706	1.44343	1.4323	1.44142
Feb 20, 2023 00:00	1.44038	1.44125	1.43499	1.43705
Feb 17, 2023 00:00	1.43693	1.44147	1.4336	1.4405
Feb 16, 2023 00:00	1.43163	1.43717	1.42733	1.43694
Feb 15, 2023 00:00	1.43207	1.43775	1.42913	1.43172
Feb 14, 2023 00:00	1.4305	1.43653	1.42971	1.43211
Feb 13, 2023 00:00	1.42658	1.43129	1.4233	1.43088
Feb 10, 2023 00:00	1.44435	1.44478	1.4223	1.4247
Feb 09, 2023 00:00	1.44065	1.44621	1.439	1.44421
Feb 08, 2023 00:00	1.43683	1.44234	1.4354	1.44067
Feb 07, 2023 00:00	1.44222	1.44266	1.43467	1.4368
Feb 06, 2023 00:00	1.44597	1.44802	1.43819	1.44217
Feb 03, 2023 00:00	1.45215	1.46175	1.44349	1.4468
Feb 02, 2023 00:00	1.46168	1.46411	1.4512	1.45217
Feb 01, 2023 00:00	1.44516	1.4635	1.4438	1.46169
Jan 31, 2023 00:00	1.45217	1.4587	1.44403	1.44516
Jan 30, 2023 00:00	1.44645	1.45442	1.4451	1.45211
Jan 27, 2023 00:00	1.45047	1.45198	1.4436	1.4464
Jan 26, 2023 00:00	1.4612	1.46388	1.4491	1.45048
Jan 25, 2023 00:00	1.45607	1.46425	1.4513	1.46118
Jan 24, 2023 00:00	1.45353	1.4565	1.4497	1.45611
Jan 23, 2023 00:00	1.45253	1.45999	1.4513	1.45358
Jan 20, 2023 00:00	1.45842	1.46138	1.451	1.4524
Jan 19, 2023 00:00	1.45718	1.46404	1.4536	1.45856
Jan 18, 2023 00:00	1.44473	1.4572	1.4402	1.45717
Jan 17, 2023 00:00	1.45174	1.45592	1.4426	1.44472
Jan 16, 2023 00:00	1.45137	1.45178	1.4471	1.45096
Jan 13, 2023 00:00	1.45275	1.45359	1.445	1.4507
Jan 12, 2023 00:00	1.44572	1.4529	1.44005	1.45276
Jan 11, 2023 00:00	1.44252	1.44792	1.4401	1.44571
Jan 10, 2023 00:00	1.43745	1.44262	1.4354	1.44258
Jan 09, 2023 00:00	1.43259	1.43881	1.42729	1.43746
Jan 06, 2023 00:00	1.42687	1.43419	1.4231	1.4311
Jan 05, 2023 00:00	1.43019	1.4361	1.42502	1.42686
Jan 04, 2023 00:00	1.44181	1.44572	1.4278	1.43019
Jan 03, 2023 00:00	1.44798	1.45201	1.4341	1.44168
Jan 02, 2023 00:00	1.44779	1.4518	1.43953	1.448