Jun 24, 2025 00:00	1.85974	1.86829	1.85837	1.86452
Jun 23, 2025 00:00	1.84603	1.86013	1.84375	1.8597
Jun 22, 2025 00:00	1.84192	1.84685	1.8413	1.84602
Jun 20, 2025 00:00	1.84553	1.85311	1.84531	1.84808
Jun 19, 2025 00:00	1.8367	1.84641	1.8344	1.84554
Jun 18, 2025 00:00	1.83476	1.84351	1.83291	1.83765
Jun 17, 2025 00:00	1.84141	1.84306	1.83074	1.83758
Jun 16, 2025 00:00	1.84023	1.84545	1.83942	1.84141
Jun 15, 2025 00:00	1.84154	1.84254	1.83908	1.84017
Jun 13, 2025 00:00	1.85287	1.85321	1.84126	1.84335
Jun 12, 2025 00:00	1.85396	1.85701	1.8478	1.85288
Jun 11, 2025 00:00	1.84609	1.85426	1.84142	1.85394
Jun 10, 2025 00:00	1.85694	1.85773	1.84337	1.84617
Jun 09, 2025 00:00	1.85352	1.85706	1.85133	1.85691
Jun 08, 2025 00:00	1.85151	1.85401	1.85038	1.85351
Jun 06, 2025 00:00	1.85575	1.85596	1.84982	1.85288
Jun 05, 2025 00:00	1.85369	1.85763	1.85148	1.85584
Jun 04, 2025 00:00	1.85571	1.85699	1.85158	1.85372
Jun 03, 2025 00:00	1.85865	1.85932	1.85283	1.85569
Jun 02, 2025 00:00	1.84843	1.85879	1.84843	1.85865
Jun 01, 2025 00:00	1.84889	1.84913	1.84702	1.84849
May 30, 2025 00:00	1.8637	1.86497	1.84709	1.84774
May 29, 2025 00:00	1.85994	1.86475	1.85914	1.86373
May 28, 2025 00:00	1.86624	1.86799	1.8585	1.85999
May 27, 2025 00:00	1.86331	1.86836	1.85914	1.86617
May 26, 2025 00:00	1.85947	1.8635	1.85804	1.86323
May 25, 2025 00:00	1.85524	1.85954	1.85438	1.85952
May 23, 2025 00:00	1.8596	1.86711	1.85558	1.85648
May 22, 2025 00:00	1.86	1.86478	1.85683	1.85967
May 21, 2025 00:00	1.86329	1.86946	1.85746	1.85993
May 20, 2025 00:00	1.8647	1.86723	1.85691	1.86328
May 19, 2025 00:00	1.85637	1.86927	1.85622	1.86451
May 18, 2025 00:00	1.85316	1.85655	1.85243	1.85638
May 16, 2025 00:00	1.85648	1.85921	1.85244	1.85703
May 15, 2025 00:00	1.85357	1.86241	1.85286	1.85661
May 14, 2025 00:00	1.85358	1.85987	1.85052	1.85362
May 13, 2025 00:00	1.84129	1.85582	1.84122	1.85353
May 12, 2025 00:00	1.85026	1.85215	1.83747	1.84132
May 11, 2025 00:00	1.8419	1.85147	1.84178	1.85022
May 09, 2025 00:00	1.84334	1.85587	1.841	1.85406
May 08, 2025 00:00	1.83868	1.85267	1.83722	1.84328
May 07, 2025 00:00	1.83862	1.84505	1.83712	1.83861
May 06, 2025 00:00	1.83703	1.84944	1.83542	1.8387
May 05, 2025 00:00	1.83438	1.84155	1.83314	1.83703
May 04, 2025 00:00	1.82818	1.83458	1.82797	1.83438
May 02, 2025 00:00	1.8397	1.84073	1.83085	1.83338
May 01, 2025 00:00	1.83707	1.84285	1.83227	1.83968
Apr 30, 2025 00:00	1.85421	1.85471	1.83618	1.83704
Apr 29, 2025 00:00	1.85599	1.86	1.8522	1.85422
Apr 28, 2025 00:00	1.84329	1.85949	1.84208	1.85873
Apr 27, 2025 00:00	1.84333	1.84489	1.84229	1.84338
Apr 25, 2025 00:00	1.84648	1.84925	1.84253	1.84722
Apr 24, 2025 00:00	1.84019	1.85022	1.83862	1.84646
Apr 23, 2025 00:00	1.83789	1.84496	1.83486	1.84017
Apr 22, 2025 00:00	1.85076	1.85318	1.83371	1.83789
Apr 21, 2025 00:00	1.84066	1.85226	1.84066	1.85075
Apr 20, 2025 00:00	1.8382	1.84102	1.83576	1.84064
Apr 18, 2025 00:00	1.83609	1.8416	1.83582	1.83939
Apr 17, 2025 00:00	1.83379	1.83985	1.83151	1.83616
Apr 16, 2025 00:00	1.84629	1.84987	1.83264	1.83377
Apr 15, 2025 00:00	1.83102	1.84764	1.8291	1.84629
Apr 14, 2025 00:00	1.81529	1.83293	1.81492	1.83101
Apr 13, 2025 00:00	1.81299	1.81597	1.81168	1.81521
Apr 11, 2025 00:00	1.81237	1.82437	1.81068	1.81413
Apr 10, 2025 00:00	1.80818	1.82159	1.80533	1.81248
Apr 09, 2025 00:00	1.82281	1.82862	1.79822	1.80819
Apr 08, 2025 00:00	1.81296	1.82342	1.80642	1.82277
Apr 07, 2025 00:00	1.83836	1.84129	1.80826	1.81294
Apr 06, 2025 00:00	1.82914	1.8415	1.82634	1.8382
Apr 04, 2025 00:00	1.84331	1.8526	1.83033	1.83363
Apr 03, 2025 00:00	1.85436	1.86512	1.84054	1.84333
Apr 02, 2025 00:00	1.84691	1.86533	1.84526	1.85426
Apr 01, 2025 00:00	1.85908	1.86095	1.8467	1.84691
Mar 31, 2025 00:00	1.85126	1.86115	1.85119	1.8591
Mar 30, 2025 00:00	1.84987	1.85248	1.84832	1.85128
Mar 28, 2025 00:00	1.85291	1.85698	1.84775	1.85243
Mar 27, 2025 00:00	1.84071	1.85795	1.84009	1.8529
Mar 26, 2025 00:00	1.84756	1.84831	1.83464	1.84064
Mar 25, 2025 00:00	1.85004	1.85422	1.84693	1.84753
Mar 24, 2025 00:00	1.84972	1.85801	1.84462	1.85004
Mar 21, 2025 00:00	1.85657	1.85781	1.85025	1.85307
Mar 20, 2025 00:00	1.8631	1.86608	1.8549	1.85715
Mar 19, 2025 00:00	1.85895	1.86328	1.85487	1.86305
Mar 18, 2025 00:00	1.85649	1.86158	1.84849	1.85894
Mar 17, 2025 00:00	1.858	1.86276	1.85434	1.85649
Mar 16, 2025 00:00	1.85808	1.8587	1.85556	1.85795
Mar 14, 2025 00:00	1.8692	1.86985	1.85652	1.85765
Mar 13, 2025 00:00	1.86124	1.8709	1.85877	1.86919
Mar 12, 2025 00:00	1.86842	1.87183	1.86091	1.86122
Mar 11, 2025 00:00	1.85742	1.87788	1.85723	1.86842
Mar 10, 2025 00:00	1.85871	1.86679	1.85054	1.85739
Mar 09, 2025 00:00	1.85687	1.85957	1.85345	1.85867
Mar 07, 2025 00:00	1.84138	1.862	1.84099	1.8576
Mar 06, 2025 00:00	1.84816	1.85272	1.83785	1.84137
Mar 05, 2025 00:00	1.84227	1.85563	1.84174	1.84819
Mar 04, 2025 00:00	1.84095	1.8554	1.83293	1.84228
Mar 03, 2025 00:00	1.82022	1.84475	1.81688	1.84092
Feb 28, 2025 00:00	1.81815	1.82118	1.81292	1.81899
Feb 27, 2025 00:00	1.8163	1.82333	1.81463	1.81971
Feb 26, 2025 00:00	1.81217	1.82286	1.81058	1.81797
Feb 25, 2025 00:00	1.79974	1.81376	1.79887	1.81218
Feb 24, 2025 00:00	1.7974	1.80146	1.79388	1.80142
Feb 23, 2025 00:00	1.79609	1.79847	1.79553	1.79736
Feb 21, 2025 00:00	1.79415	1.79872	1.79231	1.79723
Feb 20, 2025 00:00	1.79166	1.79609	1.78971	1.7958
Feb 19, 2025 00:00	1.79128	1.79202	1.78644	1.7917
Feb 18, 2025 00:00	1.78854	1.79348	1.78662	1.79133
Feb 17, 2025 00:00	1.78445	1.79254	1.78303	1.79019
Feb 16, 2025 00:00	1.7824	1.78544	1.7824	1.7845
Feb 14, 2025 00:00	1.78333	1.7881	1.77957	1.78365
Feb 13, 2025 00:00	1.7783	1.78653	1.77786	1.7833
Feb 12, 2025 00:00	1.77889	1.78164	1.77351	1.78016
Feb 11, 2025 00:00	1.76923	1.77908	1.76762	1.77883
Feb 10, 2025 00:00	1.77501	1.78132	1.76832	1.7722
Feb 09, 2025 00:00	1.77501	1.78065	1.774	1.77571
Feb 07, 2025 00:00	1.77767	1.78551	1.77101	1.77237
Feb 06, 2025 00:00	1.78954	1.79209	1.77415	1.77901
Feb 05, 2025 00:00	1.78649	1.79224	1.78522	1.78995
Feb 04, 2025 00:00	1.79428	1.79698	1.78516	1.78875
Feb 03, 2025 00:00	1.80813	1.81613	1.79047	1.79298
Feb 02, 2025 00:00	1.81084	1.81494	1.80765	1.80816
Jan 31, 2025 00:00	1.79829	1.80411	1.79133	1.80154
Jan 30, 2025 00:00	1.79292	1.81264	1.79026	1.80033
Jan 29, 2025 00:00	1.79173	1.79772	1.78925	1.7929
Jan 28, 2025 00:00	1.79356	1.79425	1.78699	1.79173
Jan 27, 2025 00:00	1.78996	1.79907	1.78874	1.79354
Jan 26, 2025 00:00	1.78991	1.79261	1.78979	1.79215
Jan 24, 2025 00:00	1.77611	1.79156	1.77532	1.79141
Jan 23, 2025 00:00	1.76883	1.77698	1.76861	1.7761
Jan 22, 2025 00:00	1.76778	1.77485	1.76437	1.77244
Jan 21, 2025 00:00	1.76363	1.77996	1.76318	1.76936
Jan 20, 2025 00:00	1.7598	1.76557	1.75688	1.76374
Jan 19, 2025 00:00	1.76026	1.762312798678266	1.75193	1.76171
Jan 17, 2025 00:00	1.76103	1.7636	1.68583	1.7102
Jan 16, 2025 00:00	1.75326	1.7622	1.75158	1.76111
Jan 15, 2025 00:00	1.75242	1.76075	1.74653	1.75346
Jan 14, 2025 00:00	1.75697	1.75856	1.74663	1.75244
Jan 13, 2025 00:00	1.75908	1.7604	1.74576	1.75697
Jan 12, 2025 00:00	1.75863	1.76034	1.75849	1.75921
Jan 10, 2025 00:00	1.77114	1.77531	1.75969	1.76161
Jan 09, 2025 00:00	1.77657	1.77698	1.76256	1.77111
Jan 08, 2025 00:00	1.79211	1.79241	1.77431	1.77659
Jan 07, 2025 00:00	1.79391	1.79903	1.79	1.7921
Jan 06, 2025 00:00	1.79384	1.80002	1.78694	1.79402
Jan 05, 2025 00:00	1.79325	1.79512	1.79232	1.79385
Jan 03, 2025 00:00	1.78312	1.79652	1.78193	1.79526
Jan 02, 2025 00:00	1.79949	1.80392	1.78034	1.78315
Jan 01, 2025 00:00	1.799	1.79976	1.79785	1.79952
Dec 31, 2024 00:00	1.80059	1.80583	1.79841	1.79938
Dec 30, 2024 00:00	1.81129	1.81266	1.79849	1.80058
Dec 29, 2024 00:00	1.8116	1.81359	1.81031	1.81131
Dec 27, 2024 00:00	1.80521	1.81496	1.80042	1.81323
Dec 26, 2024 00:00	1.80025	1.80599	1.79982	1.80513
Dec 25, 2024 00:00	1.8045	1.832628287658635	1.79516	1.80024
Dec 24, 2024 00:00	1.79936	1.81056	1.79816	1.79945
Dec 23, 2024 00:00	1.80488	1.80883	1.7988	1.8012
Dec 22, 2024 00:00	1.80493	1.80561	1.80349	1.80494
Dec 20, 2024 00:00	1.79983	1.80994	1.79652	1.80676
Dec 19, 2024 00:00	1.81724	1.82325	1.7978	1.79986
Dec 18, 2024 00:00	1.81876	1.82215	1.81326	1.81719
Dec 17, 2024 00:00	1.8063	1.82146	1.80623	1.81871
Dec 16, 2024 00:00	1.79623	1.80772	1.79563	1.80635
Dec 15, 2024 00:00	1.79401	1.79633	1.79377	1.79618
Dec 13, 2024 00:00	1.80202	1.80342	1.79464	1.79661
Dec 12, 2024 00:00	1.802	1.80421	1.79877	1.80203
Dec 11, 2024 00:00	1.80454	1.806	1.8035	1.8059
Dec 10, 2024 00:00	1.80695	1.81149	1.80419	1.81139
Dec 09, 2024 00:00	1.80354	1.80754	1.80027	1.80697
Dec 08, 2024 00:00	1.80118	1.80543	1.80118	1.80356
Dec 05, 2024 00:00	1.7871	1.79193	1.78624	1.78878
Dec 04, 2024 00:00	1.78258	1.78985	1.77819	1.78711
Dec 03, 2024 00:00	1.77848	1.78441	1.77482	1.78261
Dec 02, 2024 00:00	1.77989	1.78436	1.7756	1.77799
Dec 01, 2024 00:00	1.7793	1.78168	1.7793	1.77985
Nov 28, 2024 00:00	1.77793	1.77838	1.77166	1.77835
Nov 27, 2024 00:00	1.76687	1.78064	1.76633	1.77796
Nov 26, 2024 00:00	1.76448	1.76731	1.76358	1.76689
Nov 25, 2024 00:00	1.75595	1.7695	1.75335	1.76675
Nov 24, 2024 00:00	1.75553	1.75602	1.75239	1.75455
Nov 21, 2024 00:00	1.76762	1.76821	1.75629	1.75982
Nov 20, 2024 00:00	1.77148	1.77435	1.7666	1.76765
Nov 19, 2024 00:00	1.77775	1.77792	1.76786	1.77152
Nov 18, 2024 00:00	1.77747	1.78086	1.77448	1.77775
Nov 17, 2024 00:00	1.77673	1.77792	1.7757	1.77751
Nov 14, 2024 00:00	1.77787	1.78276	1.76998	1.7811
Nov 13, 2024 00:00	1.77616	1.78043	1.77563	1.77789
Nov 12, 2024 00:00	1.79197	1.79212	1.77481	1.77612
Nov 11, 2024 00:00	1.79485	1.79597	1.79019	1.79192
Nov 10, 2024 00:00	1.79488	1.79659	1.77817	1.79658
Nov 08, 2024 00:00	1.80046	1.80227	1.75355	1.7971
Nov 07, 2024 00:00	1.79586	1.80286	1.7907	1.80043
Nov 06, 2024 00:00	1.79892	1.801405040208066	1.78199	1.79672
Nov 05, 2024 00:00	1.80049	1.80501	1.76781	1.80368
Nov 04, 2024 00:00	1.80395	1.80675	1.7853	1.8003
Nov 03, 2024 00:00	1.80494	1.806194711366509	1.80235	1.80305
Nov 01, 2024 00:00	1.79719	1.8116	1.74167	1.8026
Oct 31, 2024 00:00	1.80223	1.80927	1.7878	1.79693
Oct 30, 2024 00:00	1.81079	1.81509	1.7976	1.80224
Oct 29, 2024 00:00	1.80203	1.8112	1.8001	1.81018
Oct 28, 2024 00:00	1.80059	1.80666	1.79475	1.80182
Oct 27, 2024 00:00	1.800808393842754	1.80141	1.79811	1.8005
Oct 25, 2024 00:00	1.79703	1.80197	1.75016	1.8006
Oct 24, 2024 00:00	1.787	1.798915130568357	1.78545	1.79697
Oct 23, 2024 00:00	1.79335	1.79571	1.78475	1.78706
Oct 22, 2024 00:00	1.7962	1.79957	1.78837	1.79354
Oct 21, 2024 00:00	1.80113	1.80209	1.79429	1.79596
Oct 20, 2024 00:00	1.79941	1.80211	1.79882	1.80111
Oct 18, 2024 00:00	1.79531	1.80269	1.7946	1.79828
Oct 17, 2024 00:00	1.78659	1.79575	1.7855	1.79549
Oct 16, 2024 00:00	1.80097	1.80173	1.77886	1.78695
Oct 15, 2024 00:00	1.80355	1.81054	1.79914	1.80039
Oct 14, 2024 00:00	1.79766	1.8036	1.79172	1.80354
Oct 13, 2024 00:00	1.79849	1.79878	1.79811	1.79838
Oct 11, 2024 00:00	1.79533	1.80139	1.7937	1.79576
Oct 10, 2024 00:00	1.79119	1.79867	1.79051	1.79541
Oct 09, 2024 00:00	1.7886	1.79284	1.78434	1.79118
Oct 08, 2024 00:00	1.78256	1.7905	1.7817	1.78777
Oct 07, 2024 00:00	1.7822	1.7832	1.76514	1.7821
Oct 06, 2024 00:00	1.77678	1.78226	1.77418	1.7822
Oct 04, 2024 00:00	1.77845	1.78599	1.70515	1.70672
Oct 03, 2024 00:00	1.79128	1.79174	1.77192	1.77868
Oct 02, 2024 00:00	1.79125	1.79387	1.78594	1.7913
Oct 01, 2024 00:00	1.80931	1.81029	1.78879	1.79127
Sep 30, 2024 00:00	1.80791	1.81457	1.8058	1.80932
Sep 29, 2024 00:00	1.80386	1.80813	1.80385	1.8079
Sep 27, 2024 00:00	1.80717	1.81	1.77965	1.78014
Sep 26, 2024 00:00	1.7947	1.80887	1.78616	1.80714
Sep 25, 2024 00:00	1.80187	1.80247	1.7914	1.79511
Sep 24, 2024 00:00	1.80605	1.80788	1.80048	1.80196
Sep 23, 2024 00:00	1.80582	1.80804	1.79882	1.80601
Sep 22, 2024 00:00	1.80548	1.80734	1.80391	1.80585
Sep 20, 2024 00:00	1.80126	1.80888	1.70393	1.77879
Sep 19, 2024 00:00	1.79648	1.8053	1.78249	1.80102
Sep 18, 2024 00:00	1.78983	1.80156	1.78169	1.79676
Sep 17, 2024 00:00	1.79477	1.79861	1.78713	1.78988
Sep 16, 2024 00:00	1.78353	1.79629	1.78351	1.7948
Sep 15, 2024 00:00	1.78318	1.78413	1.78253	1.7835
Sep 13, 2024 00:00	1.782663321676249	1.78631	1.7573	1.7573
Sep 12, 2024 00:00	1.77029	1.78312	1.76525	1.78257
Sep 11, 2024 00:00	1.78011	1.78253	1.76104	1.77013
Sep 10, 2024 00:00	1.77279	1.7837	1.75956	1.7801
Sep 09, 2024 00:00	1.78097	1.78196	1.76217	1.77271
Sep 08, 2024 00:00	1.7783	1.78209	1.7783	1.78099
Sep 06, 2024 00:00	1.77852	1.784849975989044	1.72149	1.72149
Sep 05, 2024 00:00	1.77515	1.78138	1.77312	1.7785
Sep 04, 2024 00:00	1.77591	1.77971	1.69264	1.77524
Sep 03, 2024 00:00	1.77355	1.7843451427215	1.76414	1.77591
Sep 02, 2024 00:00	1.77134	1.77528	1.77079	1.77362
Aug 30, 2024 00:00	1.77581	1.77815	1.73338	1.73392
Aug 29, 2024 00:00	1.7779	1.77971	1.76279	1.77572
Aug 28, 2024 00:00	1.78243	1.783434184769351	1.77349	1.77774
Aug 27, 2024 00:00	1.77841	1.7845	1.77267	1.78241
Aug 26, 2024 00:00	1.78498	1.785244169504932	1.76244	1.77837
Aug 23, 2024 00:00	1.78143	1.78692	1.75188	1.75365
Aug 22, 2024 00:00	1.77835	1.78457	1.77049	1.78156
Aug 21, 2024 00:00	1.77474	1.7876	1.73953	1.77817
Aug 20, 2024 00:00	1.77041	1.778337531486146	1.76369	1.77476
Aug 19, 2024 00:00	1.77086	1.7739	1.76298	1.77059
Aug 16, 2024 00:00	1.76593	1.77341	1.75525	1.75525
Aug 15, 2024 00:00	1.75903	1.76974	1.73979	1.76591
Aug 14, 2024 00:00	1.7636	1.7642	1.7029	1.75904
Aug 13, 2024 00:00	1.75485	1.76514	1.75375	1.76372
Aug 12, 2024 00:00	1.75102	1.7601	1.7178	1.75483
Aug 09, 2024 00:00	1.75057	1.75402	1.7341	1.7341
Aug 08, 2024 00:00	1.74402	1.75149	1.72948	1.75067
Aug 07, 2024 00:00	1.74857	1.75157	1.7414	1.74381
Aug 06, 2024 00:00	1.76539	1.76628	1.73485	1.74856
Aug 05, 2024 00:00	1.7752	1.77735	1.75124	1.76532
Aug 02, 2024 00:00	1.76666	1.77731	1.73611	1.73711
Aug 01, 2024 00:00	1.77441	1.77599	1.7552	1.76668
Jul 31, 2024 00:00	1.77769	1.77904	1.76902	1.77468
Jul 30, 2024 00:00	1.78168	1.78179	1.76376	1.7772
Jul 29, 2024 00:00	1.77945	1.7825	1.771827156115151	1.7817
Jul 26, 2024 00:00	1.776	1.78153	1.75394	1.75394
Jul 25, 2024 00:00	1.78124	1.78456	1.77132	1.77642
Jul 24, 2024 00:00	1.77848	1.7852	1.76557	1.78134
Jul 23, 2024 00:00	1.77938	1.77982	1.75671	1.77847
Jul 22, 2024 00:00	1.77273	1.77958	1.771869568570226	1.7794
Jul 19, 2024 00:00	1.77448	1.77664	1.73917	1.74021
Jul 18, 2024 00:00	1.77903	1.77994	1.75345	1.77421
Jul 17, 2024 00:00	1.77403	1.78268	1.77089	1.77933
Jul 16, 2024 00:00	1.77385	1.77571	1.76866	1.77362
Jul 15, 2024 00:00	1.7693	1.7757	1.74885	1.77383
Jul 12, 2024 00:00	1.76061	1.7753	1.74964	1.74964
Jul 11, 2024 00:00	1.75038	1.765	1.74311	1.76073
Jul 10, 2024 00:00	1.74323	1.75046	1.742271088254419	1.75039
Jul 09, 2024 00:00	1.74662	1.74912	1.73515	1.7428
Jul 08, 2024 00:00	1.74675	1.7518	1.73268	1.74664
Jul 05, 2024 00:00	1.73652	1.7482369492868	1.73301	1.7477
Jul 04, 2024 00:00	1.73768	1.73869	1.7347	1.73657
Jul 03, 2024 00:00	1.73529	1.7405	1.72831	1.73787
Jul 02, 2024 00:00	1.737	1.73898	1.72208	1.73527
Jul 01, 2024 00:00	1.72958	1.73949	1.729	1.73699
Jun 28, 2024 00:00	1.73218	1.73462	1.72024	1.7291
Jun 27, 2024 00:00	1.72936	1.73383	1.7277	1.73217
Jun 26, 2024 00:00	1.73273	1.73333	1.72424	1.72959
Jun 25, 2024 00:00	1.73205	1.7349	1.72517	1.73279
Jun 24, 2024 00:00	1.73141	1.7372	1.7277	1.7315
Jun 21, 2024 00:00	1.73236	1.73338	1.72133	1.72554
Jun 20, 2024 00:00	1.74345	1.74391	1.73015	1.73237
Jun 19, 2024 00:00	1.74289	1.74685	1.73595	1.74335
Jun 18, 2024 00:00	1.74352	1.744870049138595	1.73371	1.7424
Jun 17, 2024 00:00	1.74201	1.74531	1.7389	1.74352
Jun 14, 2024 00:00	1.75282	1.75352	1.72079	1.72316
Jun 13, 2024 00:00	1.75569	1.75808	1.73648	1.75286
Jun 12, 2024 00:00	1.75228	1.76051	1.7467	1.75578
Jun 11, 2024 00:00	1.75106	1.75595	1.74855	1.75231
Jun 10, 2024 00:00	1.75126	1.7528	1.72779	1.75098
Jun 07, 2024 00:00	1.74828	1.75333	1.74218	1.74218
Jun 06, 2024 00:00	1.75131	1.75157	1.74513	1.74849
Jun 05, 2024 00:00	1.74675	1.75336	1.74423	1.75139
Jun 04, 2024 00:00	1.74575	1.7505	1.74315	1.74683
Jun 03, 2024 00:00	1.73567	1.7464	1.7333	1.74575
May 31, 2024 00:00	1.7413	1.74217	1.72895	1.73539
May 30, 2024 00:00	1.74159	1.74502	1.73687	1.74172
May 29, 2024 00:00	1.74099	1.74426	1.73955	1.74161
May 28, 2024 00:00	1.74051	1.7441	1.72235	1.74106
May 27, 2024 00:00	1.7403	1.7453	1.722	1.7406
May 24, 2024 00:00	1.74304	1.74527	1.7382	1.73965
May 23, 2024 00:00	1.74131	1.74402	1.73695	1.74305
May 22, 2024 00:00	1.7337	1.74198	1.73205	1.74144
May 21, 2024 00:00	1.73141	1.7371	1.72482	1.7337
May 20, 2024 00:00	1.72908	1.7333	1.7272	1.73146
May 17, 2024 00:00	1.72508	1.73031	1.7234	1.7284
May 16, 2024 00:00	1.72532	1.7279	1.71961	1.72514
May 15, 2024 00:00	1.71807	1.7275	1.71249	1.7251
May 14, 2024 00:00	1.71641	1.7201	1.710555329890327	1.71814
May 13, 2024 00:00	1.71266	1.71816	1.71153064188208	1.71641
May 10, 2024 00:00	1.71306	1.71567	1.7071	1.71152
May 09, 2024 00:00	1.7147	1.7156	1.708	1.71306
May 08, 2024 00:00	1.71682	1.7188	1.70813	1.715
May 07, 2024 00:00	1.71641	1.71998	1.71011	1.71681
May 06, 2024 00:00	1.71696	1.72121	1.70657	1.7165
May 03, 2024 00:00	1.71355	1.71992	1.71201	1.7167
May 02, 2024 00:00	1.71998	1.72039	1.69765	1.71364
May 01, 2024 00:00	1.72056	1.72179	1.71388	1.72097
Apr 30, 2024 00:00	1.71651	1.72258	1.71125	1.72061
Apr 29, 2024 00:00	1.70829	1.7191	1.69281	1.71646
Apr 26, 2024 00:00	1.70835	1.71046	1.68662	1.704883598809733
Apr 25, 2024 00:00	1.70736	1.7131	1.70527	1.70837
Apr 24, 2024 00:00	1.70139	1.7092	1.69397	1.7069
Apr 23, 2024 00:00	1.69183	1.70248	1.6896	1.70141
Apr 22, 2024 00:00	1.70031	1.700632874644371	1.68365	1.69185
Apr 19, 2024 00:00	1.71227	1.7145	1.68989	1.698336328328793
Apr 18, 2024 00:00	1.71493	1.71687	1.70934	1.7119
Apr 17, 2024 00:00	1.71768	1.72339	1.70318	1.71478
Apr 16, 2024 00:00	1.71575	1.72401	1.71246	1.71768
Apr 15, 2024 00:00	1.71424	1.7173	1.70781	1.71591
Apr 12, 2024 00:00	1.71828	1.71948	1.67134	1.709916535341155
Apr 11, 2024 00:00	1.71598	1.71927	1.71455	1.7183
Apr 10, 2024 00:00	1.72052	1.7227	1.70722	1.716
Apr 09, 2024 00:00	1.71764	1.72405	1.7132	1.72063
Apr 08, 2024 00:00	1.71733	1.7193	1.70937	1.71764
Apr 05, 2024 00:00	1.71173	1.71831	1.70683	1.715883983213849
Apr 04, 2024 00:00	1.71093	1.71349	1.70545	1.71171
Apr 03, 2024 00:00	1.70577	1.71232	1.70263	1.71094
Apr 02, 2024 00:00	1.70301	1.711	1.70103	1.70583
Apr 01, 2024 00:00	1.70878	1.71093	1.69423	1.70293
Mar 29, 2024 00:00	1.7083	1.71261	1.68332	1.7028
Mar 28, 2024 00:00	1.7139	1.71631	1.69467	1.70828
Mar 27, 2024 00:00	1.71505	1.71799	1.71067	1.71401
Mar 26, 2024 00:00	1.7166	1.71885	1.69457	1.71503
Mar 25, 2024 00:00	1.7147	1.71868	1.71038	1.71662
Mar 22, 2024 00:00	1.71261	1.71494	1.7003	1.7045
Mar 21, 2024 00:00	1.72422	1.7243	1.7106	1.71261
Mar 20, 2024 00:00	1.72631	1.72802	1.71898	1.72421
Mar 19, 2024 00:00	1.72242	1.72908	1.7195	1.72634
Mar 18, 2024 00:00	1.72449	1.72587	1.7185	1.7225
Mar 15, 2024 00:00	1.72527	1.7293	1.67655	1.7208
Mar 14, 2024 00:00	1.72361	1.7267	1.71771	1.72523
Mar 13, 2024 00:00	1.72638	1.72749	1.71865	1.72366
Mar 12, 2024 00:00	1.7275	1.72802	1.71618	1.72638
Mar 11, 2024 00:00	1.73297	1.733814808290764	1.72172	1.72749
Mar 08, 2024 00:00	1.72371	1.734371510842099	1.71557	1.71699
Mar 07, 2024 00:00	1.72054	1.7273	1.69753	1.72374
Mar 06, 2024 00:00	1.7263	1.72934	1.71057	1.72084
Mar 05, 2024 00:00	1.72255	1.72786	1.72027	1.72647
Mar 04, 2024 00:00	1.71563	1.72367	1.714849496765757	1.722608024691358
Mar 01, 2024 00:00	1.71307	1.7197	1.70842	1.7155
Feb 29, 2024 00:00	1.71905	1.72197	1.70364	1.71319
Feb 28, 2024 00:00	1.71559	1.72	1.70325	1.71904
Feb 27, 2024 00:00	1.71228	1.71719	1.7092	1.7154
Feb 26, 2024 00:00	1.71172	1.71649	1.70784	1.71245
Feb 23, 2024 00:00	1.70696	1.715	1.70087	1.70404
Feb 22, 2024 00:00	1.70543	1.70875	1.69709	1.70706
Feb 21, 2024 00:00	1.7073	1.70833	1.70162	1.70545
Feb 20, 2024 00:00	1.69904	1.71307	1.6974	1.70721
Feb 19, 2024 00:00	1.69958	1.70149	1.69332	1.69918
Feb 16, 2024 00:00	1.69628	1.700986959497803	1.68772	1.69189
Feb 15, 2024 00:00	1.70112	1.70253	1.69222	1.69637
Feb 14, 2024 00:00	1.70792	1.70924	1.6968	1.70139
Feb 13, 2024 00:00	1.69881	1.71121	1.69364	1.70754
Feb 12, 2024 00:00	1.70058	1.7021	1.69506	1.69896
Feb 09, 2024 00:00	1.69867	1.70241	1.68344	1.69151
Feb 08, 2024 00:00	1.69977	1.7022	1.68185	1.69857
Feb 07, 2024 00:00	1.7	1.7033	1.696	1.6998
Feb 06, 2024 00:00	1.6973	1.70173	1.69277	1.7
Feb 05, 2024 00:00	1.70011	1.70154	1.68817	1.69741
Feb 02, 2024 00:00	1.7057	1.70791	1.6778	1.69217
Feb 01, 2024 00:00	1.70281	1.70693	1.70059	1.70598
Jan 31, 2024 00:00	1.70112	1.70579	1.67617	1.70303
Jan 30, 2024 00:00	1.70484	1.70511	1.69236	1.701
Jan 29, 2024 00:00	1.70834	1.709252958709821	1.70085	1.7043
Jan 26, 2024 00:00	1.71273	1.71377	1.69416	1.69989
Jan 25, 2024 00:00	1.71992	1.72209	1.70617	1.7124
Jan 24, 2024 00:00	1.70775	1.722319057590398	1.7073	1.7201
Jan 23, 2024 00:00	1.7125	1.71627	1.70052	1.70775
Jan 22, 2024 00:00	1.70572	1.71352	1.7037	1.71249
Jan 19, 2024 00:00	1.71396	1.71465	1.70088	1.7055
Jan 18, 2024 00:00	1.71159	1.7153	1.7085	1.71397
Jan 17, 2024 00:00	1.7046	1.71665	1.69267	1.71129
Jan 16, 2024 00:00	1.70827	1.7095	1.69927	1.70458
Jan 15, 2024 00:00	1.70738	1.71258	1.70439	1.70839
Jan 12, 2024 00:00	1.70945	1.7098	1.70091	1.70167
Jan 11, 2024 00:00	1.70512	1.71032	1.68575	1.70957
Jan 10, 2024 00:00	1.7016	1.70523	1.69493	1.70515
Jan 09, 2024 00:00	1.70091	1.70565	1.69611	1.70188
Jan 08, 2024 00:00	1.69895	1.70676	1.69578	1.70089
Jan 05, 2024 00:00	1.69356	1.7015	1.68404	1.6989
Jan 04, 2024 00:00	1.69142	1.69714	1.68319	1.69357
Jan 03, 2024 00:00	1.68139	1.69245	1.6808	1.69146
Jan 02, 2024 00:00	1.6856	1.68921	1.67488	1.68151
Jan 01, 2024 00:00	1.681839730755955	1.688	1.67295	1.6852
Dec 29, 2023 00:00	1.68472	1.69024	1.65199	1.67114
Dec 28, 2023 00:00	1.6897	1.69296	1.66967	1.68429
Dec 27, 2023 00:00	1.67881	1.69163	1.6756	1.69025
Dec 26, 2023 00:00	1.6829	1.68473	1.67488	1.6788
Dec 25, 2023 00:00	1.682930066419301	1.6885	1.6455	1.68324
Dec 22, 2023 00:00	1.68476	1.69184	1.64528	1.6844
Dec 21, 2023 00:00	1.6881	1.69231	1.6734	1.68465
Dec 20, 2023 00:00	1.69788	1.698722930416527	1.62315	1.68855
Dec 19, 2023 00:00	1.69507	1.7053	1.68912	1.69789
Dec 18, 2023 00:00	1.69554	1.69938	1.68749	1.69507
Dec 15, 2023 00:00	1.71156	1.71188	1.67974	1.695108474379108
Dec 14, 2023 00:00	1.70501	1.71467	1.69665	1.71159
Dec 13, 2023 00:00	1.70748	1.70775	1.69511	1.70505
Dec 12, 2023 00:00	1.70444	1.71025	1.7013	1.70746
Dec 11, 2023 00:00	1.70492	1.71127	1.69901	1.70445
Dec 08, 2023 00:00	1.71125	1.71198	1.69166	1.702685384749811
Dec 07, 2023 00:00	1.70663	1.71375	1.7033	1.7113
Dec 06, 2023 00:00	1.71165	1.71255	1.70227	1.70674
Dec 05, 2023 00:00	1.71043	1.71694	1.7074	1.71172
Dec 04, 2023 00:00	1.71464	1.71796	1.7053	1.71044
Dec 01, 2023 00:00	1.7123	1.71767	1.6981	1.7119
Nov 30, 2023 00:00	1.72547	1.72641	1.68444	1.71223
Nov 29, 2023 00:00	1.72453	1.727409551374819	1.71514	1.72546
Nov 28, 2023 00:00	1.71873	1.72607	1.7128	1.72446
Nov 27, 2023 00:00	1.7174	1.72352	1.71541	1.71899
Nov 24, 2023 00:00	1.71629	1.72092	1.70154	1.718180249611779
Nov 23, 2023 00:00	1.7097	1.7196	1.7079	1.71638
Nov 22, 2023 00:00	1.71815	1.72113	1.70587	1.71002
Nov 21, 2023 00:00	1.7164	1.72226	1.71333	1.71814
Nov 20, 2023 00:00	1.70864	1.71723	1.707564944333429	1.71675
Nov 17, 2023 00:00	1.70704	1.7172	1.68814	1.708
Nov 16, 2023 00:00	1.69952	1.712185642432556	1.6951	1.70719
Nov 15, 2023 00:00	1.71148	1.71161	1.68377	1.69963
Nov 14, 2023 00:00	1.69475	1.71322	1.6918	1.711522669193442
Nov 13, 2023 00:00	1.68729	1.695643689376112	1.68145	1.69435
Nov 10, 2023 00:00	1.68672	1.6907	1.6737	1.6869
Nov 09, 2023 00:00	1.69395	1.69718	1.68459	1.68681
Nov 08, 2023 00:00	1.69214	1.69782	1.68667	1.69411
Nov 07, 2023 00:00	1.69067	1.6967	1.68811	1.69213
Nov 06, 2023 00:00	1.69006	1.69586	1.6848	1.69065
Nov 03, 2023 00:00	1.6756	1.7059	1.63684	1.6888
Nov 02, 2023 00:00	1.685	1.68862	1.67084	1.67562
Nov 01, 2023 00:00	1.68623	1.68748	1.67048	1.68498
Oct 31, 2023 00:00	1.6822	1.68685	1.67771	1.68601
Oct 30, 2023 00:00	1.67922	1.68348	1.67347	1.68211
Oct 27, 2023 00:00	1.67666	1.68548	1.66143	1.679771581723328
Oct 26, 2023 00:00	1.67018	1.67781	1.6653	1.67658
Oct 25, 2023 00:00	1.67124	1.67567	1.6664	1.67019
Oct 24, 2023 00:00	1.6762	1.67942	1.66638	1.67114
Oct 23, 2023 00:00	1.66689	1.67729	1.664924473034289	1.67668
Oct 20, 2023 00:00	1.6641	1.6689	1.65075	1.664508736751647
Oct 19, 2023 00:00	1.6646	1.66874	1.65986	1.66406
Oct 18, 2023 00:00	1.66261	1.66743	1.65577	1.66447
Oct 17, 2023 00:00	1.66242	1.6641	1.65416	1.66257
Oct 16, 2023 00:00	1.65819	1.66323	1.65181	1.66253
Oct 13, 2023 00:00	1.667	1.67083	1.63273	1.6544
Oct 12, 2023 00:00	1.67413	1.67499	1.66091	1.6669
Oct 11, 2023 00:00	1.66917	1.67581	1.66735	1.67413
Oct 10, 2023 00:00	1.66338	1.669720199087996	1.65679	1.66916
Oct 09, 2023 00:00	1.66937	1.66963	1.65495	1.66311
Oct 06, 2023 00:00	1.67006	1.6769	1.657	1.669549558339588
Oct 05, 2023 00:00	1.66763	1.67298	1.6653	1.67005
Oct 04, 2023 00:00	1.65555	1.67196	1.6512	1.66764
Oct 03, 2023 00:00	1.65324	1.65889	1.65129	1.65554
Oct 02, 2023 00:00	1.65491	1.65913	1.6456	1.65335
Sep 29, 2023 00:00	1.64634	1.657532349104844	1.64188	1.6539
Sep 28, 2023 00:00	1.6377	1.6482	1.63245	1.64634
Sep 27, 2023 00:00	1.64172	1.64518	1.6337	1.63822
Sep 26, 2023 00:00	1.64242	1.64621	1.63703	1.64176
Sep 25, 2023 00:00	1.64966	1.6512	1.64004	1.6426
Sep 22, 2023 00:00	1.65668	1.65668	1.63083	1.647991822094692
Sep 21, 2023 00:00	1.66121	1.66359	1.64303	1.65668
Sep 20, 2023 00:00	1.66573	1.66772	1.65286	1.66113
Sep 19, 2023 00:00	1.66987	1.67007025327086	1.6586	1.66587
Sep 18, 2023 00:00	1.67635	1.67646	1.66441	1.6696
Sep 15, 2023 00:00	1.67592	1.68125	1.65302	1.6726
Sep 14, 2023 00:00	1.69246	1.692627267067373	1.67331	1.67589
Sep 13, 2023 00:00	1.69278	1.69485	1.68566	1.69244
Sep 12, 2023 00:00	1.69832	1.70196	1.684899507366376	1.69278
Sep 11, 2023 00:00	1.70186	1.70515	1.69353	1.69833
Sep 08, 2023 00:00	1.70691	1.70893	1.68834	1.697992435263311
Sep 07, 2023 00:00	1.70447	1.70919	1.69262	1.70687
Sep 06, 2023 00:00	1.71439	1.71758	1.69116	1.70464
Sep 05, 2023 00:00	1.71636	1.71924	1.70696	1.71441
Sep 04, 2023 00:00	1.71184	1.71889	1.7111	1.7165
Sep 01, 2023 00:00	1.71179	1.72046	1.6993	1.707603971540211
Aug 31, 2023 00:00	1.72018	1.7226	1.70828	1.7118
Aug 30, 2023 00:00	1.71302	1.72473	1.7122	1.7199
Aug 29, 2023 00:00	1.71508	1.71872	1.70821	1.71321
Aug 28, 2023 00:00	1.71139	1.7156	1.70358	1.7147
Aug 25, 2023 00:00	1.7108	1.71852	1.7072	1.710773
Aug 24, 2023 00:00	1.72021	1.72068	1.70936	1.71084
Aug 23, 2023 00:00	1.72501	1.72882	1.7116	1.72017
Aug 22, 2023 00:00	1.72843	1.73143	1.7223	1.72502
Aug 21, 2023 00:00	1.72531	1.72958	1.7197	1.72836
Aug 18, 2023 00:00	1.72653	1.72813	1.70671	1.7221
Aug 17, 2023 00:00	1.72281	1.726986	1.57281	1.72661
Aug 16, 2023 00:00	1.71326	1.736	1.71032	1.72271
Aug 15, 2023 00:00	1.70727	1.71866	1.64981	1.71313
Aug 14, 2023 00:00	1.70603	1.70952	1.7002	1.70731
Aug 11, 2023 00:00	1.70336	1.7122	1.68602	1.703938
Aug 10, 2023 00:00	1.70682	1.71433	1.69993	1.70319
Aug 09, 2023 00:00	1.71087	1.71348	1.70214	1.70665
Aug 08, 2023 00:00	1.70903	1.71473	1.7035	1.71074
Aug 07, 2023 00:00	1.7051	1.7099	1.69757	1.70891
Aug 04, 2023 00:00	1.6975	1.70727	1.67756	1.703
Aug 03, 2023 00:00	1.69693	1.69894	1.68525	1.69758
Aug 02, 2023 00:00	1.69732	1.70357	1.6903	1.6972
Aug 01, 2023 00:00	1.693	1.70114	1.68992	1.69732
Jul 31, 2023 00:00	1.70324	1.70418	1.68904	1.6926
Jul 28, 2023 00:00	1.69225	1.7066	1.67087	1.6989
Jul 27, 2023 00:00	1.70678	1.71091	1.68637	1.69223
Jul 26, 2023 00:00	1.70025	1.71046	1.698	1.70677
Jul 25, 2023 00:00	1.68793	1.7125	1.66186	1.7
Jul 24, 2023 00:00	1.69971	1.70174	1.67035	1.68796
Jul 21, 2023 00:00	1.69572	1.700318	1.6891	1.697939
Jul 20, 2023 00:00	1.70278	1.703428	1.68987	1.69577
Jul 19, 2023 00:00	1.71601	1.716906	1.6943	1.70289
Jul 18, 2023 00:00	1.72545	1.73303	1.715	1.71602
Jul 17, 2023 00:00	1.7312	1.73303	1.71078	1.72543
Jul 14, 2023 00:00	1.72133	1.73348	1.7181	1.726506
Jul 13, 2023 00:00	1.71307	1.72504	1.7109	1.72134
Jul 12, 2023 00:00	1.71059	1.71598	1.70023	1.71322
Jul 11, 2023 00:00	1.7071	1.71589	1.7049	1.71093
Jul 10, 2023 00:00	1.70455	1.70838	1.695	1.70751
Jul 07, 2023 00:00	1.7027	1.711	1.69179	1.703907
Jul 06, 2023 00:00	1.68767	1.70345	1.6862	1.70271
Jul 05, 2023 00:00	1.68145	1.68975	1.6798	1.6873
Jul 04, 2023 00:00	1.68135	1.68392	1.67792	1.68138
Jul 03, 2023 00:00	1.6818	1.68375	1.6743	1.68123
Jun 30, 2023 00:00	1.6713	1.6883	1.65067	1.6721653
Jun 29, 2023 00:00	1.67533	1.67919	1.66533	1.67131
Jun 28, 2023 00:00	1.68182	1.68352	1.67114	1.67534
Jun 27, 2023 00:00	1.67124	1.68234	1.6694	1.68193
Jun 26, 2023 00:00	1.67572	1.67819	1.66593	1.6716
Jun 23, 2023 00:00	1.67558	1.68323	1.66585	1.6747
Jun 22, 2023 00:00	1.68036	1.68834	1.66856	1.67573
Jun 21, 2023 00:00	1.68795	1.69278	1.67344	1.6806
Jun 20, 2023 00:00	1.6898	1.6929	1.68269	1.68815
Jun 19, 2023 00:00	1.6932	1.695154	1.67294	1.68982
Jun 16, 2023 00:00	1.69014	1.69787	1.66255	1.6907
Jun 15, 2023 00:00	1.6882	1.6918	1.68327	1.69014
Jun 14, 2023 00:00	1.67799	1.68861	1.6757	1.6882
Jun 13, 2023 00:00	1.67208	1.68051	1.66789	1.678
Jun 12, 2023 00:00	1.67766	1.67927	1.66361	1.672
Jun 09, 2023 00:00	1.67779	1.67996	1.64698	1.6729501
Jun 08, 2023 00:00	1.66379	1.68024	1.6607	1.67779
Jun 07, 2023 00:00	1.66519	1.67341	1.65696	1.66378
Jun 06, 2023 00:00	1.67188	1.6721407	1.66143	1.66519
Jun 05, 2023 00:00	1.6691554	1.6722	1.6615	1.67189
Jun 02, 2023 00:00	1.68388	1.6849	1.65403	1.6684511
Jun 01, 2023 00:00	1.68784	1.694	1.67935	1.6839
May 31, 2023 00:00	1.6879	1.6909	1.6814	1.68828
May 30, 2023 00:00	1.67933	1.69202	1.6765	1.688
May 29, 2023 00:00	1.67997	1.68113	1.67364	1.67932
May 26, 2023 00:00	1.68022	1.68685	1.65207	1.67988
May 25, 2023 00:00	1.68069	1.6834	1.67622	1.68021
May 24, 2023 00:00	1.67616	1.68548	1.67288	1.68095
May 23, 2023 00:00	1.6789	1.67968	1.67102	1.67617
May 22, 2023 00:00	1.6808	1.68338	1.67639	1.67891
May 19, 2023 00:00	1.67519	1.68571	1.65923	1.678035
May 18, 2023 00:00	1.68089	1.68144	1.66602	1.6752
May 17, 2023 00:00	1.68242	1.68304	1.67516	1.6809
May 16, 2023 00:00	1.68643	1.68845	1.66941	1.68243
May 15, 2023 00:00	1.68776	1.69189	1.68125	1.68652
May 12, 2023 00:00	1.6875	1.69195	1.6566	1.6729
May 11, 2023 00:00	1.68805	1.69212	1.67973	1.68785
May 10, 2023 00:00	1.68846	1.69162	1.68244	1.68807
May 09, 2023 00:00	1.6859	1.69133	1.6848	1.68843
May 08, 2023 00:00	1.68974	1.69177	1.67545	1.68643
May 05, 2023 00:00	1.70163	1.70548	1.6610876	1.6615
May 04, 2023 00:00	1.71291	1.71463	1.69806	1.70114
May 03, 2023 00:00	1.69889	1.71365	1.69119	1.71321
May 02, 2023 00:00	1.69165	1.70135	1.68867	1.69926
May 01, 2023 00:00	1.70286	1.70326	1.68365	1.6919
Apr 28, 2023 00:00	1.69939	1.70775	1.67131	1.6799
Apr 27, 2023 00:00	1.69983	1.70171	1.69045	1.6995
Apr 26, 2023 00:00	1.69058	1.70452	1.6897	1.6998
Apr 25, 2023 00:00	1.69132	1.69359	1.6864	1.6906
Apr 24, 2023 00:00	1.68538	1.69155	1.68195	1.69149
Apr 21, 2023 00:00	1.67688	1.68519	1.66552	1.6662
Apr 20, 2023 00:00	1.67353	1.67903	1.67154	1.6766
Apr 19, 2023 00:00	1.66372	1.67544	1.6623	1.67352
Apr 18, 2023 00:00	1.65713	1.66599	1.65582	1.66372
Apr 17, 2023 00:00	1.65745	1.66266	1.64869	1.65728
Apr 14, 2023 00:00	1.67073	1.67123	1.6357	1.641
Apr 13, 2023 00:00	1.67862	1.679512	1.66539	1.67063
Apr 12, 2023 00:00	1.67337	1.67917	1.66637	1.67882
Apr 11, 2023 00:00	1.67319	1.68101	1.67084	1.67317
Apr 10, 2023 00:00	1.67842	1.67912	1.66986	1.67307
Apr 07, 2023 00:00	1.67826	1.68087	1.6634	1.664
Apr 06, 2023 00:00	1.67662	1.68143	1.67309	1.67825
Apr 05, 2023 00:00	1.67968	1.68366	1.672	1.67655
Apr 04, 2023 00:00	1.6687	1.68254	1.6651	1.67974
Apr 03, 2023 00:00	1.6588	1.66922	1.65571	1.66881
Mar 31, 2023 00:00	1.67488	1.67918	1.65394	1.6637
Mar 30, 2023 00:00	1.66959	1.67668	1.668	1.67471
Mar 29, 2023 00:00	1.67595	1.67898	1.66627	1.66998
Mar 28, 2023 00:00	1.67903	1.68424	1.67532	1.67601
Mar 27, 2023 00:00	1.68079	1.68407	1.67447	1.67902
Mar 24, 2023 00:00	1.68424	1.68623	1.58327	1.6765
Mar 23, 2023 00:00	1.68445	1.686788	1.6763	1.6841
Mar 22, 2023 00:00	1.67584	1.686426	1.67036	1.68443
Mar 21, 2023 00:00	1.678	1.679104	1.6691	1.67585
Mar 20, 2023 00:00	1.67096	1.67898	1.6684	1.67792
Mar 17, 2023 00:00	1.66119	1.67506	1.58998	1.6556202
Mar 16, 2023 00:00	1.66122	1.66708	1.64937	1.66133
Mar 15, 2023 00:00	1.66321	1.66622	1.65092	1.66079
Mar 14, 2023 00:00	1.67138	1.67187	1.659	1.6632
Mar 13, 2023 00:00	1.66213	1.675	1.6599	1.67173
Mar 10, 2023 00:00	1.64897	1.6734	1.64254	1.6613
Mar 09, 2023 00:00	1.63498	1.64929	1.633	1.64896
Mar 08, 2023 00:00	1.62609	1.63524	1.62556	1.63504
Mar 07, 2023 00:00	1.63722	1.64215	1.61803	1.62609
Mar 06, 2023 00:00	1.63613	1.6395786	1.63114	1.63725
Mar 03, 2023 00:00	1.62466	1.63787	1.61062	1.6325978
Mar 02, 2023 00:00	1.63426	1.63524	1.62121	1.62474
Mar 01, 2023 00:00	1.64173	1.64432	1.62686	1.63427
Feb 28, 2023 00:00	1.63741	1.65221	1.59312	1.64182
Feb 27, 2023 00:00	1.62441	1.6384	1.623	1.6374
Feb 24, 2023 00:00	1.6273	1.63334	1.60889	1.6188
Feb 23, 2023 00:00	1.63162	1.6328	1.62184	1.62731
Feb 22, 2023 00:00	1.63854	1.6418203	1.62274	1.6316
Feb 21, 2023 00:00	1.61933	1.6405	1.61529	1.63865
Feb 20, 2023 00:00	1.62163	1.62325	1.61611	1.61933
Feb 17, 2023 00:00	1.61316	1.6253	1.60605	1.6182
Feb 16, 2023 00:00	1.61176	1.61657	1.60507	1.613
Feb 15, 2023 00:00	1.62387	1.625168	1.60672	1.61145
Feb 14, 2023 00:00	1.62014	1.62993	1.61796	1.62395
Feb 13, 2023 00:00	1.61091	1.62044	1.6078	1.61993
Feb 10, 2023 00:00	1.62931	1.63091	1.59273	1.606
Feb 09, 2023 00:00	1.62274	1.63409	1.62128	1.62931
Feb 08, 2023 00:00	1.61394	1.62478	1.612	1.62284
Feb 07, 2023 00:00	1.61628	1.61896	1.60234	1.61379
Feb 06, 2023 00:00	1.61399	1.62172	1.61153	1.61627
Feb 03, 2023 00:00	1.62716	1.63852	1.60462	1.6096
Feb 02, 2023 00:00	1.63556	1.63704	1.6260891	1.62733
Feb 01, 2023 00:00	1.63945	1.64766	1.63483	1.64395
Jan 31, 2023 00:00	1.65523	1.65878	1.63352	1.63729
Jan 30, 2023 00:00	1.65058	1.65403	1.64098	1.65258
Jan 27, 2023 00:00	1.65201	1.6522338	1.60595	1.647
Jan 26, 2023 00:00	1.65881	1.6603585	1.6376	1.65255
Jan 25, 2023 00:00	1.65668	1.66194	1.65488	1.66053
Jan 24, 2023 00:00	1.64147	1.6498	1.63977	1.6488
Jan 23, 2023 00:00	1.65323	1.65699	1.64774	1.65509
Jan 20, 2023 00:00	1.66466	1.66721	1.61565	1.6531785
Jan 19, 2023 00:00	1.66445	1.66929	1.65663	1.66838
Jan 18, 2023 00:00	1.65982	1.6667	1.6589	1.6662
Jan 17, 2023 00:00	1.64448	1.64608	1.63105	1.64434
Jan 16, 2023 00:00	1.63483	1.637	1.62972	1.63516
Jan 13, 2023 00:00	1.6339	1.6441	1.60753	1.6356
Jan 12, 2023 00:00	1.63247	1.6364	1.61365	1.63422
Jan 11, 2023 00:00	1.63222	1.63398	1.6229	1.63239
Jan 10, 2023 00:00	1.6315	1.63413	1.61855	1.63232
Jan 09, 2023 00:00	1.62834	1.63316	1.6212	1.63178
Jan 06, 2023 00:00	1.61456	1.6274	1.54787	1.6255
Jan 05, 2023 00:00	1.62571	1.62872	1.59548	1.61457
Jan 04, 2023 00:00	1.63596	1.64353	1.61153	1.62572
Jan 03, 2023 00:00	1.63547	1.64249	1.6212	1.6355
Jan 02, 2023 00:00	1.6369842	1.6402834	1.59909	1.63594